title,price_gbp,stock_text,stock_binary,timestamp
A Light in the Attic,51.77,In stock,0,2025-06-25 16:57:57.167413
Tipping the Velvet,53.74,In stock,0,2025-06-25 16:57:57.167953
Soumission,50.1,In stock,0,2025-06-25 16:57:57.168195
Sharp Objects,47.82,In stock,0,2025-06-25 16:57:57.168434
Sapiens: A Brief History of Humankind,54.23,In stock,0,2025-06-25 16:57:57.168657
The Requiem Red,22.65,In stock,0,2025-06-25 16:57:57.168866
The Dirty Little Secrets of Getting Your Dream Job,33.34,In stock,0,2025-06-25 16:57:57.169075
"The Coming Woman: A Novel Based on the Life of the Infamous Feminist, Victoria Woodhull",17.93,In stock,0,2025-06-25 16:57:57.169300
The Boys in the Boat: Nine Americans and Their Epic Quest for Gold at the 1936 Berlin Olympics,22.6,In stock,0,2025-06-25 16:57:57.169522
The Black Maria,52.15,In stock,0,2025-06-25 16:57:57.169724
"Starving Hearts (Triangular Trade Trilogy, #1)",13.99,In stock,0,2025-06-25 16:57:57.169926
Shakespeare's Sonnets,20.66,In stock,0,2025-06-25 16:57:57.170188
Set Me Free,17.46,In stock,0,2025-06-25 16:57:57.170527
Scott Pilgrim's Precious Little Life (Scott Pilgrim #1),52.29,In stock,0,2025-06-25 16:57:57.170789
Rip it Up and Start Again,35.02,In stock,0,2025-06-25 16:57:57.171062
"Our Band Could Be Your Life: Scenes from the American Indie Underground, 1981-1991",57.25,In stock,0,2025-06-25 16:57:57.171356
Olio,23.88,In stock,0,2025-06-25 16:57:57.171618
Mesaerion: The Best Science Fiction Stories 1800-1849,37.59,In stock,0,2025-06-25 16:57:57.171893
Libertarianism for Beginners,51.33,In stock,0,2025-06-25 16:57:57.172072
It's Only the Himalayas,45.17,In stock,0,2025-06-25 16:57:57.172243
In Her Wake,12.84,In stock,0,2025-06-25 16:57:57.378183
How Music Works,37.32,In stock,0,2025-06-25 16:57:57.378405
"Foolproof Preserving: A Guide to Small Batch Jams, Jellies, Pickles, Condiments, and More: A Foolproof Guide to Making Small Batch Jams, Jellies, Pickles, Condiments, and More",30.52,In stock,0,2025-06-25 16:57:57.378617
Chase Me (Paris Nights #2),25.27,In stock,0,2025-06-25 16:57:57.378794
Black Dust,34.53,In stock,0,2025-06-25 16:57:57.378978
Birdsong: A Story in Pictures,54.64,In stock,0,2025-06-25 16:57:57.379176
America's Cradle of Quarterbacks: Western Pennsylvania's Football Factory from Johnny Unitas to Joe Montana,22.5,In stock,0,2025-06-25 16:57:57.379353
Aladdin and His Wonderful Lamp,53.13,In stock,0,2025-06-25 16:57:57.379619
Worlds Elsewhere: Journeys Around Shakespeare’s Globe,40.3,In stock,0,2025-06-25 16:57:57.379804
Wall and Piece,44.18,In stock,0,2025-06-25 16:57:57.379988
The Four Agreements: A Practical Guide to Personal Freedom,17.66,In stock,0,2025-06-25 16:57:57.380169
The Five Love Languages: How to Express Heartfelt Commitment to Your Mate,31.05,In stock,0,2025-06-25 16:57:57.380345
The Elephant Tree,23.82,In stock,0,2025-06-25 16:57:57.380539
The Bear and the Piano,36.89,In stock,0,2025-06-25 16:57:57.380722
Sophie's World,15.94,In stock,0,2025-06-25 16:57:57.380966
Penny Maybe,33.29,In stock,0,2025-06-25 16:57:57.381234
Maude (1883-1993):She Grew Up with the country,18.02,In stock,0,2025-06-25 16:57:57.381501
"In a Dark, Dark Wood",19.63,In stock,0,2025-06-25 16:57:57.381801
Behind Closed Doors,52.22,In stock,0,2025-06-25 16:57:57.382073
You can't bury them all: Poems,33.63,In stock,0,2025-06-25 16:57:57.382337
Slow States of Collapse: Poems,57.31,In stock,0,2025-06-25 16:57:57.591536
Reasons to Stay Alive,26.41,In stock,0,2025-06-25 16:57:57.591762
Private Paris (Private #10),47.61,In stock,0,2025-06-25 16:57:57.591959
#HigherSelfie: Wake Up Your Life. Free Your Soul. Find Your Tribe.,23.11,In stock,0,2025-06-25 16:57:57.592150
Without Borders (Wanderlove #1),45.07,In stock,0,2025-06-25 16:57:57.592364
When We Collided,31.77,In stock,0,2025-06-25 16:57:57.592587
"We Love You, Charlie Freeman",50.27,In stock,0,2025-06-25 16:57:57.592808
Untitled Collection: Sabbath Poems 2014,14.27,In stock,0,2025-06-25 16:57:57.593019
"Unseen City: The Majesty of Pigeons, the Discreet Charm of Snails & Other Wonders of the Urban Wilderness",44.18,In stock,0,2025-06-25 16:57:57.593230
Unicorn Tracks,18.78,In stock,0,2025-06-25 16:57:57.593467
"Unbound: How Eight Technologies Made Us Human, Transformed Society, and Brought Our World to the Brink",25.52,In stock,0,2025-06-25 16:57:57.593675
Tsubasa: WoRLD CHRoNiCLE 2 (Tsubasa WoRLD CHRoNiCLE #2),16.28,In stock,0,2025-06-25 16:57:57.593898
Throwing Rocks at the Google Bus: How Growth Became the Enemy of Prosperity,31.12,In stock,0,2025-06-25 16:57:57.594102
This One Summer,19.49,In stock,0,2025-06-25 16:57:57.594304
Thirst,17.27,In stock,0,2025-06-25 16:57:57.594500
The Torch Is Passed: A Harding Family Story,19.09,In stock,0,2025-06-25 16:57:57.594683
The Secret of Dreadwillow Carse,56.13,In stock,0,2025-06-25 16:57:57.594865
"The Pioneer Woman Cooks: Dinnertime: Comfort Classics, Freezer Food, 16-Minute Meals, and Other Delicious Ways to Solve Supper!",56.41,In stock,0,2025-06-25 16:57:57.595047
The Past Never Ends,56.5,In stock,0,2025-06-25 16:57:57.595228
The Natural History of Us (The Fine Art of Pretending #2),45.22,In stock,0,2025-06-25 16:57:57.595451
The Nameless City (The Nameless City #1),38.16,In stock,0,2025-06-25 16:57:57.807782
The Murder That Never Was (Forensic Instincts #5),54.11,In stock,0,2025-06-25 16:57:57.808002
The Most Perfect Thing: Inside (and Outside) a Bird's Egg,42.96,In stock,0,2025-06-25 16:57:57.808183
"The Mindfulness and Acceptance Workbook for Anxiety: A Guide to Breaking Free from Anxiety, Phobias, and Worry Using Acceptance and Commitment Therapy",23.89,In stock,0,2025-06-25 16:57:57.808362
The Life-Changing Magic of Tidying Up: The Japanese Art of Decluttering and Organizing,16.77,In stock,0,2025-06-25 16:57:57.808557
"The Inefficiency Assassin: Time Management Tactics for Working Smarter, Not Longer",20.59,In stock,0,2025-06-25 16:57:57.808777
The Gutsy Girl: Escapades for Your Life of Epic Adventure,37.13,In stock,0,2025-06-25 16:57:57.808993
The Electric Pencil: Drawings from Inside State Hospital No. 3,56.06,In stock,0,2025-06-25 16:57:57.809207
The Death of Humanity: and the Case for Life,58.11,In stock,0,2025-06-25 16:57:57.809406
"The Bulletproof Diet: Lose up to a Pound a Day, Reclaim Energy and Focus, Upgrade Your Life",49.05,In stock,0,2025-06-25 16:57:57.809621
The Art Forger,40.76,In stock,0,2025-06-25 16:57:57.809814
The Age of Genius: The Seventeenth Century and the Birth of the Modern Mind,19.73,In stock,0,2025-06-25 16:57:57.810004
The Activist's Tao Te Ching: Ancient Advice for a Modern Revolution,32.24,In stock,0,2025-06-25 16:57:57.810193
Spark Joy: An Illustrated Master Class on the Art of Organizing and Tidying Up,41.83,In stock,0,2025-06-25 16:57:57.810382
Soul Reader,39.58,In stock,0,2025-06-25 16:57:57.810566
Security,39.25,In stock,0,2025-06-25 16:57:57.810750
"Saga, Volume 6 (Saga (Collected Editions) #6)",25.02,In stock,0,2025-06-25 16:57:57.810942
"Saga, Volume 5 (Saga (Collected Editions) #5)",51.04,In stock,0,2025-06-25 16:57:57.811142
Reskilling America: Learning to Labor in the Twenty-First Century,19.83,In stock,0,2025-06-25 16:57:57.811342
"Rat Queens, Vol. 3: Demons (Rat Queens (Collected Editions) #11-15)",50.4,In stock,0,2025-06-25 16:57:57.811533
"Princess Jellyfish 2-in-1 Omnibus, Vol. 01 (Princess Jellyfish 2-in-1 Omnibus #1)",13.61,In stock,0,2025-06-25 16:57:58.018541
Princess Between Worlds (Wide-Awake Princess #5),13.34,In stock,0,2025-06-25 16:57:58.018733
"Pop Gun War, Volume 1: Gift",18.97,In stock,0,2025-06-25 16:57:58.018917
"Political Suicide: Missteps, Peccadilloes, Bad Calls, Backroom Hijinx, Sordid Pasts, Rotten Breaks, and Just Plain Dumb Mistakes in the Annals of American Politics",36.28,In stock,0,2025-06-25 16:57:58.019102
Patience,10.16,In stock,0,2025-06-25 16:57:58.019285
"Outcast, Vol. 1: A Darkness Surrounds Him (Outcast #1)",15.44,In stock,0,2025-06-25 16:57:58.019464
orange: The Complete Collection 1 (orange: The Complete Collection #1),48.41,In stock,0,2025-06-25 16:57:58.019641
Online Marketing for Busy Authors: A Step-By-Step Guide,46.35,In stock,0,2025-06-25 16:57:58.019820
On a Midnight Clear,14.07,In stock,0,2025-06-25 16:57:58.019993
Obsidian (Lux #1),14.86,In stock,0,2025-06-25 16:57:58.020187
My Paris Kitchen: Recipes and Stories,33.37,In stock,0,2025-06-25 16:57:58.020365
Masks and Shadows,56.4,In stock,0,2025-06-25 16:57:58.020551
"Mama Tried: Traditional Italian Cooking for the Screwed, Crude, Vegan, and Tattooed",14.02,In stock,0,2025-06-25 16:57:58.020733
"Lumberjanes, Vol. 2: Friendship to the Max (Lumberjanes #5-8)",46.91,In stock,0,2025-06-25 16:57:58.020919
"Lumberjanes, Vol. 1: Beware the Kitten Holy (Lumberjanes #1-4)",45.61,In stock,0,2025-06-25 16:57:58.021101
Lumberjanes Vol. 3: A Terrible Plan (Lumberjanes #9-12),19.92,In stock,0,2025-06-25 16:57:58.021282
"Layered: Baking, Building, and Styling Spectacular Cakes",40.11,In stock,0,2025-06-25 16:57:58.021458
Judo: Seven Steps to Black Belt (an Introductory Guide for Beginners),53.9,In stock,0,2025-06-25 16:57:58.021637
Join,35.67,In stock,0,2025-06-25 16:57:58.021809
In the Country We Love: My Family Divided,22.0,In stock,0,2025-06-25 16:57:58.022024
Immunity: How Elie Metchnikoff Changed the Course of Modern Medicine,57.36,In stock,0,2025-06-25 16:57:58.236720
"I Hate Fairyland, Vol. 1: Madly Ever After (I Hate Fairyland (Compilations) #1-5)",29.17,In stock,0,2025-06-25 16:57:58.236920
I am a Hero Omnibus Volume 1,54.63,In stock,0,2025-06-25 16:57:58.237126
How to Be Miserable: 40 Strategies You Already Use,46.03,In stock,0,2025-06-25 16:57:58.237322
Her Backup Boyfriend (The Sorensen Family #1),33.97,In stock,0,2025-06-25 16:57:58.237518
"Giant Days, Vol. 2 (Giant Days #5-8)",22.11,In stock,0,2025-06-25 16:57:58.237711
Forever and Forever: The Courtship of Henry Longfellow and Fanny Appleton,29.69,In stock,0,2025-06-25 16:57:58.237912
First and First (Five Boroughs #3),15.97,In stock,0,2025-06-25 16:57:58.238146
Fifty Shades Darker (Fifty Shades #2),21.96,In stock,0,2025-06-25 16:57:58.238354
Everydata: The Misinformation Hidden in the Little Data You Consume Every Day,54.35,In stock,0,2025-06-25 16:57:58.238570
"Don't Be a Jerk: And Other Practical Advice from Dogen, Japan's Greatest Zen Master",37.97,In stock,0,2025-06-25 16:57:58.238775
Danganronpa Volume 1,51.99,In stock,0,2025-06-25 16:57:58.238973
Crown of Midnight (Throne of Glass #2),43.29,In stock,0,2025-06-25 16:57:58.239176
"Codename Baboushka, Volume 1: The Conclave of Death",36.72,In stock,0,2025-06-25 16:57:58.239374
Camp Midnight,17.08,In stock,0,2025-06-25 16:57:58.239558
Call the Nurse: True Stories of a Country Nurse on a Scottish Isle,29.14,In stock,0,2025-06-25 16:57:58.239743
Burning,28.81,In stock,0,2025-06-25 16:57:58.239925
Bossypants,49.46,In stock,0,2025-06-25 16:57:58.240128
"Bitch Planet, Vol. 1: Extraordinary Machine (Bitch Planet (Collected Editions))",37.92,In stock,0,2025-06-25 16:57:58.240324
"Avatar: The Last Airbender: Smoke and Shadow, Part 3 (Smoke and Shadow #3)",28.09,In stock,0,2025-06-25 16:57:58.240554
Algorithms to Live By: The Computer Science of Human Decisions,30.81,In stock,0,2025-06-25 16:57:58.451834
A World of Flavor: Your Gluten Free Passport,42.95,In stock,0,2025-06-25 16:57:58.452025
"A Piece of Sky, a Grain of Rice: A Memoir in Four Meditations",56.76,In stock,0,2025-06-25 16:57:58.452206
A Murder in Time,16.64,In stock,0,2025-06-25 16:57:58.452407
A Flight of Arrows (The Pathfinders #2),55.53,In stock,0,2025-06-25 16:57:58.452583
A Fierce and Subtle Poison,28.13,In stock,0,2025-06-25 16:57:58.452759
A Court of Thorns and Roses (A Court of Thorns and Roses #1),52.37,In stock,0,2025-06-25 16:57:58.452930
(Un)Qualified: How God Uses Broken People to Do Big Things,54.0,In stock,0,2025-06-25 16:57:58.453105
You Are What You Love: The Spiritual Power of Habit,21.87,In stock,0,2025-06-25 16:57:58.453282
"William Shakespeare's Star Wars: Verily, A New Hope (William Shakespeare's Star Wars #4)",43.3,In stock,0,2025-06-25 16:57:58.453457
Tuesday Nights in 1980,21.04,In stock,0,2025-06-25 16:57:58.453640
Tracing Numbers on a Train,41.6,In stock,0,2025-06-25 16:57:58.453818
Throne of Glass (Throne of Glass #1),35.07,In stock,0,2025-06-25 16:57:58.453996
Thomas Jefferson and the Tripoli Pirates: The Forgotten War That Changed American History,59.64,In stock,0,2025-06-25 16:57:58.454212
Thirteen Reasons Why,52.72,In stock,0,2025-06-25 16:57:58.454459
The White Cat and the Monk: A Retelling of the Poem “Pangur Bán”,58.08,In stock,0,2025-06-25 16:57:58.454687
The Wedding Dress,24.12,In stock,0,2025-06-25 16:57:58.454904
The Vacationers,42.15,In stock,0,2025-06-25 16:57:58.455083
The Third Wave: An Entrepreneur’s Vision of the Future,12.61,In stock,0,2025-06-25 16:57:58.455263
The Stranger,17.44,In stock,0,2025-06-25 16:57:58.455443
The Shadow Hero (The Shadow Hero),33.14,In stock,0,2025-06-25 16:57:58.674755
The Secret (The Secret #1),27.37,In stock,0,2025-06-25 16:57:58.674980
The Regional Office Is Under Attack!,51.36,In stock,0,2025-06-25 16:57:58.675169
The Psychopath Test: A Journey Through the Madness Industry,36.0,In stock,0,2025-06-25 16:57:58.675351
The Project,10.65,In stock,0,2025-06-25 16:57:58.675528
The Power of Now: A Guide to Spiritual Enlightenment,43.54,In stock,0,2025-06-25 16:57:58.675705
The Omnivore's Dilemma: A Natural History of Four Meals,38.21,In stock,0,2025-06-25 16:57:58.675882
The Nerdy Nummies Cookbook: Sweet Treats for the Geek in All of Us,37.34,In stock,0,2025-06-25 16:57:58.676058
The Murder of Roger Ackroyd (Hercule Poirot #4),44.1,In stock,0,2025-06-25 16:57:58.676233
The Mistake (Off-Campus #2),43.29,In stock,0,2025-06-25 16:57:58.676415
The Matchmaker's Playbook (Wingmen Inc. #1),55.85,In stock,0,2025-06-25 16:57:58.676586
The Love and Lemons Cookbook: An Apple-to-Zucchini Celebration of Impromptu Cooking,37.6,In stock,0,2025-06-25 16:57:58.676778
The Long Shadow of Small Ghosts: Murder and Memory in an American City,10.97,In stock,0,2025-06-25 16:57:58.676976
The Kite Runner,41.82,In stock,0,2025-06-25 16:57:58.677163
The House by the Lake,36.95,In stock,0,2025-06-25 16:57:58.677355
The Glittering Court (The Glittering Court #1),44.28,In stock,0,2025-06-25 16:57:58.677547
The Girl on the Train,55.02,In stock,0,2025-06-25 16:57:58.677735
The Genius of Birds,17.24,In stock,0,2025-06-25 16:57:58.677935
The Emerald Mystery,23.15,In stock,0,2025-06-25 16:57:58.678134
The Cookies & Cups Cookbook: 125+ sweet & savory recipes reminding you to Always Eat Dessert First,41.25,In stock,0,2025-06-25 16:57:58.678334
The Bridge to Consciousness: I'm Writing the Bridge Between Science and Our Old and New Beliefs.,32.0,In stock,0,2025-06-25 16:57:58.890383
The Artist's Way: A Spiritual Path to Higher Creativity,38.49,In stock,0,2025-06-25 16:57:58.890608
The Art of War,33.34,In stock,0,2025-06-25 16:57:58.890823
The Argonauts,10.93,In stock,0,2025-06-25 16:57:58.891020
The 10% Entrepreneur: Live Your Startup Dream Without Quitting Your Day Job,27.55,In stock,0,2025-06-25 16:57:58.891204
Suddenly in Love (Lake Haven #1),55.99,In stock,0,2025-06-25 16:57:58.891387
Something More Than This,16.24,In stock,0,2025-06-25 16:57:58.891572
Soft Apocalypse,26.12,In stock,0,2025-06-25 16:57:58.891774
So You've Been Publicly Shamed,12.23,In stock,0,2025-06-25 16:57:58.891956
Shoe Dog: A Memoir by the Creator of NIKE,23.99,In stock,0,2025-06-25 16:57:58.892152
"Shobu Samurai, Project Aryoku (#3)",29.06,In stock,0,2025-06-25 16:57:58.892325
Secrets and Lace (Fatal Hearts #1),20.27,In stock,0,2025-06-25 16:57:58.892491
Scarlett Epstein Hates It Here,43.55,In stock,0,2025-06-25 16:57:58.892666
Romero and Juliet: A Tragic Tale of Love and Zombies,36.94,In stock,0,2025-06-25 16:57:58.892833
Redeeming Love,20.47,In stock,0,2025-06-25 16:57:58.892996
Poses for Artists Volume 1 - Dynamic and Sitting Poses: An Essential Reference for Figure Drawing and the Human Form,41.06,In stock,0,2025-06-25 16:57:58.893194
Poems That Make Grown Women Cry,14.19,In stock,0,2025-06-25 16:57:58.893362
"Nightingale, Sing",38.28,In stock,0,2025-06-25 16:57:58.893553
Night Sky with Exit Wounds,41.05,In stock,0,2025-06-25 16:57:58.893745
Mrs. Houdini,30.25,In stock,0,2025-06-25 16:57:58.893936
Modern Romance,28.26,In stock,0,2025-06-25 16:57:59.116471
Miss Peregrine’s Home for Peculiar Children (Miss Peregrine’s Peculiar Children #1),10.76,In stock,0,2025-06-25 16:57:59.116651
Louisa: The Extraordinary Life of Mrs. Adams,16.85,In stock,0,2025-06-25 16:57:59.116835
Little Red,13.47,In stock,0,2025-06-25 16:57:59.117030
Library of Souls (Miss Peregrine’s Peculiar Children #3),48.56,In stock,0,2025-06-25 16:57:59.117219
Large Print Heart of the Pride,19.15,In stock,0,2025-06-25 16:57:59.117427
I Had a Nice Time And Other Lies...: How to find love & sh*t like that,57.36,In stock,0,2025-06-25 16:57:59.117637
Hollow City (Miss Peregrine’s Peculiar Children #2),42.98,In stock,0,2025-06-25 16:57:59.117866
Grumbles,22.16,In stock,0,2025-06-25 16:57:59.118055
Full Moon over Noah’s Ark: An Odyssey to Mount Ararat and Beyond,49.43,In stock,0,2025-06-25 16:57:59.118254
Frostbite (Vampire Academy #2),29.99,In stock,0,2025-06-25 16:57:59.118549
Follow You Home,21.36,In stock,0,2025-06-25 16:57:59.118764
First Steps for New Christians (Print Edition),29.0,In stock,0,2025-06-25 16:57:59.118990
Finders Keepers (Bill Hodges Trilogy #2),53.53,In stock,0,2025-06-25 16:57:59.119207
"Fables, Vol. 1: Legends in Exile (Fables #1)",41.62,In stock,0,2025-06-25 16:57:59.119418
Eureka Trivia 6.0,54.59,In stock,0,2025-06-25 16:57:59.119662
Drive: The Surprising Truth About What Motivates Us,34.95,In stock,0,2025-06-25 16:57:59.119894
Done Rubbed Out (Reightman & Bailey #1),37.72,In stock,0,2025-06-25 16:57:59.120123
Doing It Over (Most Likely To #1),35.61,In stock,0,2025-06-25 16:57:59.120349
"Deliciously Ella Every Day: Quick and Easy Recipes for Gluten-Free Snacks, Packed Lunches, and Simple Meals",42.16,In stock,0,2025-06-25 16:57:59.120643
Dark Notes,19.19,In stock,0,2025-06-25 16:57:59.331102
"Daring Greatly: How the Courage to Be Vulnerable Transforms the Way We Live, Love, Parent, and Lead",19.43,In stock,0,2025-06-25 16:57:59.331331
Close to You,49.46,In stock,0,2025-06-25 16:57:59.331546
Chasing Heaven: What Dying Taught Me About Living,37.8,In stock,0,2025-06-25 16:57:59.331739
Big Magic: Creative Living Beyond Fear,30.8,In stock,0,2025-06-25 16:57:59.331927
Becoming Wise: An Inquiry into the Mystery and Art of Living,27.43,In stock,0,2025-06-25 16:57:59.332111
Beauty Restored (Riley Family Legacy Novellas #3),11.11,In stock,0,2025-06-25 16:57:59.332337
Batman: The Long Halloween (Batman),36.5,In stock,0,2025-06-25 16:57:59.332523
Batman: The Dark Knight Returns (Batman),15.38,In stock,0,2025-06-25 16:57:59.332712
Ayumi's Violin,15.48,In stock,0,2025-06-25 16:57:59.332909
Anonymous,46.82,In stock,0,2025-06-25 16:57:59.333099
Amy Meets the Saints and Sages,18.46,In stock,0,2025-06-25 16:57:59.333322
Amid the Chaos,36.58,In stock,0,2025-06-25 16:57:59.333524
Amatus,50.54,In stock,0,2025-06-25 16:57:59.333723
Agnostic: A Spirited Manifesto,12.51,In stock,0,2025-06-25 16:57:59.333927
Zealot: The Life and Times of Jesus of Nazareth,24.7,In stock,0,2025-06-25 16:57:59.334170
You (You #1),43.61,In stock,0,2025-06-25 16:57:59.334411
"Wonder Woman: Earth One, Volume One (Wonder Woman: Earth One #1)",37.34,In stock,0,2025-06-25 16:57:59.334638
Wild Swans,14.36,In stock,0,2025-06-25 16:57:59.334872
Why the Right Went Wrong: Conservatism--From Goldwater to the Tea Party and Beyond,52.65,In stock,0,2025-06-25 16:57:59.335093
Whole Lotta Creativity Going On: 60 Fun and Unusual Exercises to Awaken and Strengthen Your Creativity,38.2,In stock,0,2025-06-25 16:57:59.549909
What's It Like in Space?: Stories from Astronauts Who've Been There,19.6,In stock,0,2025-06-25 16:57:59.550114
"We Are Robin, Vol. 1: The Vigilante Business (We Are Robin #1)",53.9,In stock,0,2025-06-25 16:57:59.550312
Walt Disney's Alice in Wonderland,12.96,In stock,0,2025-06-25 16:57:59.550522
V for Vendetta (V for Vendetta Complete),37.1,In stock,0,2025-06-25 16:57:59.550765
Until Friday Night (The Field Party #1),46.31,In stock,0,2025-06-25 16:57:59.550989
"Unbroken: A World War II Story of Survival, Resilience, and Redemption",45.95,In stock,0,2025-06-25 16:57:59.551215
Twenty Yawns,22.08,In stock,0,2025-06-25 16:57:59.551438
Through the Woods,25.38,In stock,0,2025-06-25 16:57:59.551673
This Is Where It Ends,27.12,In stock,0,2025-06-25 16:57:59.551906
The Year of Magical Thinking,43.04,In stock,0,2025-06-25 16:57:59.552139
The Wright Brothers,56.8,In stock,0,2025-06-25 16:57:59.552371
The White Queen (The Cousins' War #1),25.91,In stock,0,2025-06-25 16:57:59.552577
The Wedding Pact (The O'Malleys #2),32.61,In stock,0,2025-06-25 16:57:59.552793
The Time Keeper,27.88,In stock,0,2025-06-25 16:57:59.552997
The Testament of Mary,52.67,In stock,0,2025-06-25 16:57:59.553186
The Star-Touched Queen,46.02,In stock,0,2025-06-25 16:57:59.553381
The Songs of the Gods,44.48,In stock,0,2025-06-25 16:57:59.553579
The Song of Achilles,37.4,In stock,0,2025-06-25 16:57:59.553779
The Rosie Project (Don Tillman #1),54.04,In stock,0,2025-06-25 16:57:59.553993
The Power of Habit: Why We Do What We Do in Life and Business,16.88,In stock,0,2025-06-25 16:57:59.771500
The Marriage of Opposites,28.08,In stock,0,2025-06-25 16:57:59.771696
The Lucifer Effect: Understanding How Good People Turn Evil,10.4,In stock,0,2025-06-25 16:57:59.771881
The Long Haul (Diary of a Wimpy Kid #9),44.07,In stock,0,2025-06-25 16:57:59.772066
The Loney,23.4,In stock,0,2025-06-25 16:57:59.772240
The Literature Book (Big Ideas Simply Explained),17.43,In stock,0,2025-06-25 16:57:59.772419
The Last Mile (Amos Decker #2),54.21,In stock,0,2025-06-25 16:57:59.772606
The Immortal Life of Henrietta Lacks,40.67,In stock,0,2025-06-25 16:57:59.772816
The Hidden Oracle (The Trials of Apollo #1),52.26,In stock,0,2025-06-25 16:57:59.773007
The Help Yourself Cookbook for Kids: 60 Easy Plant-Based Recipes Kids Can Make to Stay Healthy and Save the Earth,28.77,In stock,0,2025-06-25 16:57:59.773195
The Guilty (Will Robie #4),13.82,In stock,0,2025-06-25 16:57:59.773383
The First Hostage (J.B. Collins #2),25.85,In stock,0,2025-06-25 16:57:59.773564
The Dovekeepers,48.78,In stock,0,2025-06-25 16:57:59.773742
The Darkest Lie,35.35,In stock,0,2025-06-25 16:57:59.773936
The Bane Chronicles (The Bane Chronicles #1-11),44.73,In stock,0,2025-06-25 16:57:59.774124
The Bad-Ass Librarians of Timbuktu: And Their Race to Save the World’s Most Precious Manuscripts,15.77,In stock,0,2025-06-25 16:57:59.774331
The 14th Colony (Cotton Malone #11),39.24,In stock,0,2025-06-25 16:57:59.774606
That Darkness (Gardiner and Renner #1),13.92,In stock,0,2025-06-25 16:57:59.774836
Tastes Like Fear (DI Marnie Rome #3),10.69,In stock,0,2025-06-25 16:57:59.775043
Take Me with You,45.21,In stock,0,2025-06-25 16:57:59.775235
Swell: A Year of Waves,45.58,In stock,0,2025-06-25 16:57:59.986671
Superman Vol. 1: Before Truth (Superman by Gene Luen Yang #1),11.89,In stock,0,2025-06-25 16:57:59.986895
Still Life with Bread Crumbs,26.41,In stock,0,2025-06-25 16:57:59.987108
Steve Jobs,39.5,In stock,0,2025-06-25 16:57:59.987344
Sorting the Beef from the Bull: The Science of Food Fraud Forensics,44.74,In stock,0,2025-06-25 16:57:59.987533
Someone Like You (The Harrisons #2),52.79,In stock,0,2025-06-25 16:57:59.987721
"So Cute It Hurts!!, Vol. 6 (So Cute It Hurts!! #6)",35.43,In stock,0,2025-06-25 16:57:59.987908
Shtum,55.84,In stock,0,2025-06-25 16:57:59.988093
See America: A Celebration of Our National Parks & Treasured Sites,48.87,In stock,0,2025-06-25 16:57:59.988272
salt.,46.78,In stock,0,2025-06-25 16:57:59.988449
Robin War,47.82,In stock,0,2025-06-25 16:57:59.988635
"Red Hood/Arsenal, Vol. 1: Open for Business (Red Hood/Arsenal #1)",25.48,In stock,0,2025-06-25 16:57:59.988819
Rain Fish,23.57,In stock,0,2025-06-25 16:57:59.989005
"Quarter Life Poetry: Poems for the Young, Broke and Hangry",50.89,In stock,0,2025-06-25 16:57:59.989194
Pet Sematary,10.56,In stock,0,2025-06-25 16:57:59.989408
"Overload: How to Unplug, Unwind, and Unleash Yourself from the Pressure of Stress",52.15,In stock,0,2025-06-25 16:57:59.989596
Once Was a Time,18.28,In stock,0,2025-06-25 16:57:59.989781
Old School (Diary of a Wimpy Kid #10),11.83,In stock,0,2025-06-25 16:57:59.989965
No Dream Is Too High: Life Lessons From a Man Who Walked on the Moon,21.95,In stock,0,2025-06-25 16:57:59.990203
"Naruto (3-in-1 Edition), Vol. 14: Includes Vols. 40, 41 & 42 (Naruto: Omnibus #14)",38.39,In stock,0,2025-06-25 16:57:59.990457
My Name Is Lucy Barton,41.56,In stock,0,2025-06-25 16:58:00.199313
My Mrs. Brown,24.48,In stock,0,2025-06-25 16:58:00.199545
My Kind of Crazy,40.36,In stock,0,2025-06-25 16:58:00.199765
Mr. Mercedes (Bill Hodges Trilogy #1),28.9,In stock,0,2025-06-25 16:58:00.200006
More Than Music (Chasing the Dream #1),37.61,In stock,0,2025-06-25 16:58:00.200227
Made to Stick: Why Some Ideas Survive and Others Die,38.85,In stock,0,2025-06-25 16:58:00.200448
Luis Paints the World,53.95,In stock,0,2025-06-25 16:58:00.200653
Luckiest Girl Alive,49.83,In stock,0,2025-06-25 16:58:00.200858
Lowriders to the Center of the Earth (Lowriders in Space #2),51.51,In stock,0,2025-06-25 16:58:00.201062
Love Is a Mix Tape (Music #1),18.03,In stock,0,2025-06-25 16:58:00.201259
Looking for Lovely: Collecting the Moments that Matter,29.14,In stock,0,2025-06-25 16:58:00.201441
"Living Leadership by Insight: A Good Leader Achieves, a Great Leader Builds Monuments",46.91,In stock,0,2025-06-25 16:58:00.201623
Let It Out: A Journey Through Journaling,26.79,In stock,0,2025-06-25 16:58:00.201805
Lady Midnight (The Dark Artifices #1),16.28,In stock,0,2025-06-25 16:58:00.202011
"It's All Easy: Healthy, Delicious Weeknight Meals in under 30 Minutes",19.55,In stock,0,2025-06-25 16:58:00.202192
Island of Dragons (Unwanteds #7),29.65,In stock,0,2025-06-25 16:58:00.202376
I Know What I'm Doing -- and Other Lies I Tell Myself: Dispatches from a Life Under Construction,25.98,In stock,0,2025-06-25 16:58:00.202567
I Am Pilgrim (Pilgrim #1),10.6,In stock,0,2025-06-25 16:58:00.202756
"Hyperbole and a Half: Unfortunate Situations, Flawed Coping Mechanisms, Mayhem, and Other Things That Happened",14.75,In stock,0,2025-06-25 16:58:00.202943
"Hush, Hush (Hush, Hush #1)",47.02,In stock,0,2025-06-25 16:58:00.203126
Hold Your Breath (Search and Rescue #1),28.82,In stock,0,2025-06-25 16:58:00.413751
Hamilton: The Revolution,58.79,In stock,0,2025-06-25 16:58:00.413941
Greek Mythic History,10.23,In stock,0,2025-06-25 16:58:00.414118
God: The Most Unpleasant Character in All Fiction,30.03,In stock,0,2025-06-25 16:58:00.414296
Glory over Everything: Beyond The Kitchen House,45.84,In stock,0,2025-06-25 16:58:00.414482
Feathers: Displays of Brilliant Plumage,49.05,In stock,0,2025-06-25 16:58:00.414664
"Far & Away: Places on the Brink of Change: Seven Continents, Twenty-Five Years",15.06,In stock,0,2025-06-25 16:58:00.414877
Every Last Word,46.47,In stock,0,2025-06-25 16:58:00.415068
Eligible (The Austen Project #4),27.09,In stock,0,2025-06-25 16:58:00.415263
El Deafo,57.62,In stock,0,2025-06-25 16:58:00.415450
Eight Hundred Grapes,14.39,In stock,0,2025-06-25 16:58:00.415651
"Eaternity: More than 150 Deliciously Easy Vegan Recipes for a Long, Healthy, Satisfied, Joyful Life",51.75,In stock,0,2025-06-25 16:58:00.415872
"Eat Fat, Get Thin",54.07,In stock,0,2025-06-25 16:58:00.416093
Don't Get Caught,55.35,In stock,0,2025-06-25 16:58:00.416307
Doctor Sleep (The Shining #2),40.12,In stock,0,2025-06-25 16:58:00.416505
Demigods & Magicians: Percy and Annabeth Meet the Kanes (Percy Jackson & Kane Chronicles Crossover #1-3),37.51,In stock,0,2025-06-25 16:58:00.416704
Dear Mr. Knightley,11.21,In stock,0,2025-06-25 16:58:00.416954
Daily Fantasy Sports,36.58,In stock,0,2025-06-25 16:58:00.417158
Crazy Love: Overwhelmed by a Relentless God,47.72,In stock,0,2025-06-25 16:58:00.417388
Cometh the Hour (The Clifton Chronicles #6),25.01,In stock,0,2025-06-25 16:58:00.417642
Code Name Verity (Code Name Verity #1),22.13,In stock,0,2025-06-25 16:58:00.624423
Clockwork Angel (The Infernal Devices #1),44.14,In stock,0,2025-06-25 16:58:00.624609
City of Glass (The Mortal Instruments #3),56.02,In stock,0,2025-06-25 16:58:00.624824
City of Fallen Angels (The Mortal Instruments #4),11.23,In stock,0,2025-06-25 16:58:00.625033
City of Bones (The Mortal Instruments #1),43.28,In stock,0,2025-06-25 16:58:00.625236
City of Ashes (The Mortal Instruments #2),47.27,In stock,0,2025-06-25 16:58:00.625424
Cell,20.29,In stock,0,2025-06-25 16:58:00.625610
Catching Jordan (Hundred Oaks),50.83,In stock,0,2025-06-25 16:58:00.625821
"Carry On, Warrior: Thoughts on Life Unarmed",31.85,In stock,0,2025-06-25 16:58:00.626028
Carrie,46.23,In stock,0,2025-06-25 16:58:00.626207
Buying In: The Secret Dialogue Between What We Buy and Who We Are,37.8,In stock,0,2025-06-25 16:58:00.626390
Brain on Fire: My Month of Madness,49.32,In stock,0,2025-06-25 16:58:00.626560
Batman: Europa,32.01,In stock,0,2025-06-25 16:58:00.626728
Barefoot Contessa Back to Basics,28.01,In stock,0,2025-06-25 16:58:00.626923
Barefoot Contessa at Home: Everyday Recipes You'll Make Over and Over Again,50.62,In stock,0,2025-06-25 16:58:00.627093
Balloon Animals,17.03,In stock,0,2025-06-25 16:58:00.627282
Art Ops Vol. 1,48.8,In stock,0,2025-06-25 16:58:00.627471
Aristotle and Dante Discover the Secrets of the Universe (Aristotle and Dante Discover the Secrets of the Universe #1),58.14,In stock,0,2025-06-25 16:58:00.627659
Angels Walking (Angels Walking #1),34.2,In stock,0,2025-06-25 16:58:00.627862
Angels & Demons (Robert Langdon #1),51.48,In stock,0,2025-06-25 16:58:00.628068
All the Light We Cannot See,29.87,In stock,0,2025-06-25 16:58:00.833157
"Adulthood Is a Myth: A ""Sarah's Scribbles"" Collection",10.9,In stock,0,2025-06-25 16:58:00.833367
Abstract City,56.37,In stock,0,2025-06-25 16:58:00.833581
A Time of Torment (Charlie Parker #14),48.35,In stock,0,2025-06-25 16:58:00.833803
A Study in Scarlet (Sherlock Holmes #1),16.73,In stock,0,2025-06-25 16:58:00.834048
"A Series of Catastrophes and Miracles: A True Story of Love, Science, and Cancer",56.48,In stock,0,2025-06-25 16:58:00.834317
A People's History of the United States,40.79,In stock,0,2025-06-25 16:58:00.834552
A Man Called Ove,39.72,In stock,0,2025-06-25 16:58:00.834753
A Distant Mirror: The Calamitous 14th Century,14.58,In stock,0,2025-06-25 16:58:00.834951
A Brush of Wings (Angels Walking #3),55.51,In stock,0,2025-06-25 16:58:00.835148
1491: New Revelations of the Americas Before Columbus,21.8,In stock,0,2025-06-25 16:58:00.835335
"The Three Searches, Meaning, and the Story",13.33,In stock,0,2025-06-25 16:58:00.835517
Searching for Meaning in Gailana,38.73,In stock,0,2025-06-25 16:58:00.835695
Rook,37.86,In stock,0,2025-06-25 16:58:00.835875
My Kitchen Year: 136 Recipes That Saved My Life,11.53,In stock,0,2025-06-25 16:58:00.836052
13 Hours: The Inside Account of What Really Happened In Benghazi,27.06,In stock,0,2025-06-25 16:58:00.836225
Will You Won't You Want Me?,13.86,In stock,0,2025-06-25 16:58:00.836405
Tipping Point for Planet Earth: How Close Are We to the Edge?,37.55,In stock,0,2025-06-25 16:58:00.836613
The Star-Touched Queen,32.3,In stock,0,2025-06-25 16:58:00.836804
The Silent Sister (Riley MacPherson #1),46.29,In stock,0,2025-06-25 16:58:00.836988
The Midnight Watch: A Novel of the Titanic and the Californian,26.2,In stock,0,2025-06-25 16:58:01.044206
The Lonely City: Adventures in the Art of Being Alone,33.26,In stock,0,2025-06-25 16:58:01.044398
The Gray Rhino: How to Recognize and Act on the Obvious Dangers We Ignore,59.15,In stock,0,2025-06-25 16:58:01.044573
The Golden Condom: And Other Essays on Love Lost and Found,39.43,In stock,0,2025-06-25 16:58:01.044744
The Epidemic (The Program 0.6),14.44,In stock,0,2025-06-25 16:58:01.044914
The Dinner Party,56.54,In stock,0,2025-06-25 16:58:01.045130
The Diary of a Young Girl,59.9,In stock,0,2025-06-25 16:58:01.045331
The Children,11.88,In stock,0,2025-06-25 16:58:01.045511
Stars Above (The Lunar Chronicles #4.5),48.05,In stock,0,2025-06-25 16:58:01.045685
Snatched: How A Drug Queen Went Undercover for the DEA and Was Kidnapped By Colombian Guerillas,21.21,In stock,0,2025-06-25 16:58:01.045858
Raspberry Pi Electronics Projects for the Evil Genius,49.67,In stock,0,2025-06-25 16:58:01.046032
Quench Your Own Thirst: Business Lessons Learned Over a Beer or Two,43.14,In stock,0,2025-06-25 16:58:01.046208
Psycho: Sanitarium (Psycho #1.5),36.97,In stock,0,2025-06-25 16:58:01.046400
Poisonous (Max Revere Novels #3),26.8,In stock,0,2025-06-25 16:58:01.046581
One with You (Crossfire #5),15.71,In stock,0,2025-06-25 16:58:01.046756
No Love Allowed (Dodge Cove #1),54.65,In stock,0,2025-06-25 16:58:01.046933
Murder at the 42nd Street Library (Raymond Ambler #1),54.36,In stock,0,2025-06-25 16:58:01.047108
Most Wanted,35.28,In stock,0,2025-06-25 16:58:01.047299
"Love, Lies and Spies",20.55,In stock,0,2025-06-25 16:58:01.047480
How to Speak Golf: An Illustrated Guide to Links Lingo,58.32,In stock,0,2025-06-25 16:58:01.047685
Hide Away (Eve Duncan #20),11.84,In stock,0,2025-06-25 16:58:01.258287
Furiously Happy: A Funny Book About Horrible Things,41.46,In stock,0,2025-06-25 16:58:01.258508
Everyday Italian: 125 Simple and Delicious Recipes,20.1,In stock,0,2025-06-25 16:58:01.258697
Equal Is Unfair: America's Misguided Fight Against Income Inequality,56.86,In stock,0,2025-06-25 16:58:01.258893
Eleanor & Park,56.51,In stock,0,2025-06-25 16:58:01.259132
Dirty (Dive Bar #1),40.83,In stock,0,2025-06-25 16:58:01.259337
Can You Keep a Secret? (Fear Street Relaunch #4),48.64,In stock,0,2025-06-25 16:58:01.259545
Boar Island (Anna Pigeon #19),59.48,In stock,0,2025-06-25 16:58:01.259742
A Paris Apartment,39.01,In stock,0,2025-06-25 16:58:01.260491
"A la Mode: 120 Recipes in 60 Pairings: Pies, Tarts, Cakes, Crisps, and More Topped with Ice Cream, Gelato, Frozen Custard, and More",38.77,In stock,0,2025-06-25 16:58:01.260684
Troublemaker: Surviving Hollywood and Scientology,48.39,In stock,0,2025-06-25 16:58:01.260866
The Widow,27.26,In stock,0,2025-06-25 16:58:01.261069
"The Sleep Revolution: Transforming Your Life, One Night at a Time",11.68,In stock,0,2025-06-25 16:58:01.261266
The Improbability of Love,59.45,In stock,0,2025-06-25 16:58:01.261449
The Art of Startup Fundraising,21.0,In stock,0,2025-06-25 16:58:01.261634
Take Me Home Tonight (Rock Star Romance #3),53.98,In stock,0,2025-06-25 16:58:01.261825
Sleeping Giants (Themis Files #1),48.74,In stock,0,2025-06-25 16:58:01.262002
"Setting the World on Fire: The Brief, Astonishing Life of St. Catherine of Siena",21.15,In stock,0,2025-06-25 16:58:01.262175
Playing with Fire,13.71,In stock,0,2025-06-25 16:58:01.262348
Off the Hook (Fishing for Trouble #1),47.67,In stock,0,2025-06-25 16:58:01.262538
Mothering Sunday,13.34,In stock,0,2025-06-25 16:58:01.469033
"Mother, Can You Not?",16.89,In stock,0,2025-06-25 16:58:01.469238
M Train,27.18,In stock,0,2025-06-25 16:58:01.469428
Lilac Girls,17.28,In stock,0,2025-06-25 16:58:01.469629
Lies and Other Acts of Love,45.14,In stock,0,2025-06-25 16:58:01.469806
Lab Girl,40.85,In stock,0,2025-06-25 16:58:01.469980
Keep Me Posted,20.46,In stock,0,2025-06-25 16:58:01.470150
It Didn't Start with You: How Inherited Family Trauma Shapes Who We Are and How to End the Cycle,56.27,In stock,0,2025-06-25 16:58:01.470328
Grey (Fifty Shades #4),48.49,In stock,0,2025-06-25 16:58:01.470527
"Exit, Pursued by a Bear",51.34,In stock,0,2025-06-25 16:58:01.470727
Daredevils,16.34,In stock,0,2025-06-25 16:58:01.470961
Cravings: Recipes for What You Want to Eat,20.5,In stock,0,2025-06-25 16:58:01.471140
Born for This: How to Find the Work You Were Meant to Do,21.59,In stock,0,2025-06-25 16:58:01.471322
Arena,21.36,In stock,0,2025-06-25 16:58:01.471498
Adultery,20.88,In stock,0,2025-06-25 16:58:01.471676
A Mother's Reckoning: Living in the Aftermath of Tragedy,19.53,In stock,0,2025-06-25 16:58:01.471848
A Gentleman's Position (Society of Gentlemen #3),14.75,In stock,0,2025-06-25 16:58:01.472017
11/22/63,48.48,In stock,0,2025-06-25 16:58:01.472187
"10% Happier: How I Tamed the Voice in My Head, Reduced Stress Without Losing My Edge, and Found Self-Help That Actually Works",24.57,In stock,0,2025-06-25 16:58:01.472362
10-Day Green Smoothie Cleanse: Lose Up to 15 Pounds in 10 Days!,49.71,In stock,0,2025-06-25 16:58:01.472536
Without Shame,48.27,In stock,0,2025-06-25 16:58:01.694687
Watchmen,58.05,In stock,0,2025-06-25 16:58:01.694875
Unlimited Intuition Now,58.87,In stock,0,2025-06-25 16:58:01.695055
Underlying Notes,11.82,In stock,0,2025-06-25 16:58:01.695229
The Shack,28.03,In stock,0,2025-06-25 16:58:01.695404
The New Brand You: Your New Image Makes the Sale for You,44.05,In stock,0,2025-06-25 16:58:01.695581
"The Moosewood Cookbook: Recipes from Moosewood Restaurant, Ithaca, New York",12.34,In stock,0,2025-06-25 16:58:01.695782
The Flowers Lied,16.68,In stock,0,2025-06-25 16:58:01.695950
"The Fabric of the Cosmos: Space, Time, and the Texture of Reality",55.91,In stock,0,2025-06-25 16:58:01.696114
The Book of Mormon,24.57,In stock,0,2025-06-25 16:58:01.696281
The Art and Science of Low Carbohydrate Living,52.98,In stock,0,2025-06-25 16:58:01.696446
The Alien Club,54.4,In stock,0,2025-06-25 16:58:01.696617
Suzie Snowflake: One beautiful flake (a self-esteem story),54.81,In stock,0,2025-06-25 16:58:01.696802
Nap-a-Roo,25.08,In stock,0,2025-06-25 16:58:01.696982
"NaNo What Now? Finding your editing process, revising your NaNoWriMo book and building a writing career through publishing and beyond",10.41,In stock,0,2025-06-25 16:58:01.697163
Modern Day Fables,47.44,In stock,0,2025-06-25 16:58:01.697344
If I Gave You God's Phone Number....: Searching for Spirituality in America,20.91,In stock,0,2025-06-25 16:58:01.697526
"Fruits Basket, Vol. 9 (Fruits Basket #9)",33.95,In stock,0,2025-06-25 16:58:01.697707
Dress Your Family in Corduroy and Denim,43.68,In stock,0,2025-06-25 16:58:01.697912
Don't Forget Steven,33.23,In stock,0,2025-06-25 16:58:01.698095
Chernobyl 01:23:40: The Incredible True Story of the World's Worst Nuclear Disaster,35.92,In stock,0,2025-06-25 16:58:01.905701
Art and Fear: Observations on the Perils (and Rewards) of Artmaking,48.63,In stock,0,2025-06-25 16:58:01.905892
A Shard of Ice (The Black Symphony Saga #1),56.63,In stock,0,2025-06-25 16:58:01.906069
A Hero's Curse (The Unseen Chronicles #1),50.49,In stock,0,2025-06-25 16:58:01.906245
23 Degrees South: A Tropical Tale of Changing Whether...,35.79,In stock,0,2025-06-25 16:58:01.906456
"Zero to One: Notes on Startups, or How to Build the Future",34.06,In stock,0,2025-06-25 16:58:01.906658
Why Not Me?,17.76,In stock,0,2025-06-25 16:58:01.906856
When Breath Becomes Air,39.36,In stock,0,2025-06-25 16:58:01.907047
Vagabonding: An Uncommon Guide to the Art of Long-Term World Travel,36.94,In stock,0,2025-06-25 16:58:01.907231
The Unlikely Pilgrimage of Harold Fry (Harold Fry #1),43.62,In stock,0,2025-06-25 16:58:01.907414
The New Drawing on the Right Side of the Brain,43.02,In stock,0,2025-06-25 16:58:01.907619
"The Midnight Assassin: Panic, Scandal, and the Hunt for America's First Serial Killer",28.45,In stock,0,2025-06-25 16:58:01.907854
The Martian (The Martian #1),41.39,In stock,0,2025-06-25 16:58:01.908090
The High Mountains of Portugal,51.15,In stock,0,2025-06-25 16:58:01.908305
The Grownup,35.88,In stock,0,2025-06-25 16:58:01.908515
The E-Myth Revisited: Why Most Small Businesses Don't Work and What to Do About It,36.91,In stock,0,2025-06-25 16:58:01.908720
South of Sunshine,28.93,In stock,0,2025-06-25 16:58:01.908916
Smarter Faster Better: The Secrets of Being Productive in Life and Business,38.89,In stock,0,2025-06-25 16:58:01.909156
Silence in the Dark (Logan Point #4),58.33,In stock,0,2025-06-25 16:58:01.909409
Shadows of the Past (Logan Point #1),39.67,In stock,0,2025-06-25 16:58:01.909630
Roller Girl,14.1,In stock,0,2025-06-25 16:58:02.117639
Rising Strong,21.82,In stock,0,2025-06-25 16:58:02.117829
Proofs of God: Classical Arguments from Tertullian to Barth,54.21,In stock,0,2025-06-25 16:58:02.118013
Please Kill Me: The Uncensored Oral History of Punk,31.19,In stock,0,2025-06-25 16:58:02.118195
Out of Print: City Lights Spotlight No. 14,53.64,In stock,0,2025-06-25 16:58:02.118397
My Life Next Door (My Life Next Door ),36.39,In stock,0,2025-06-25 16:58:02.118623
Miller's Valley,58.54,In stock,0,2025-06-25 16:58:02.118821
Man's Search for Meaning,29.48,In stock,0,2025-06-25 16:58:02.119019
"Love That Boy: What Two Presidents, Eight Road Trips, and My Son Taught Me About a Parent's Expectations",25.06,In stock,0,2025-06-25 16:58:02.119204
Living Forward: A Proven Plan to Stop Drifting and Get the Life You Want,12.55,In stock,0,2025-06-25 16:58:02.119425
Les Fleurs du Mal,29.04,In stock,0,2025-06-25 16:58:02.119641
Left Behind (Left Behind #1),40.72,In stock,0,2025-06-25 16:58:02.119829
Kill 'Em and Leave: Searching for James Brown and the American Soul,45.05,In stock,0,2025-06-25 16:58:02.120011
Kierkegaard: A Christian Missionary to Christians,47.13,In stock,0,2025-06-25 16:58:02.120189
John Vassos: Industrial Design for Modern Life,20.22,In stock,0,2025-06-25 16:58:02.120365
I'll Give You the Sun,56.48,In stock,0,2025-06-25 16:58:02.120568
I Will Find You,44.21,In stock,0,2025-06-25 16:58:02.120758
Hystopia: A Novel,21.96,In stock,0,2025-06-25 16:58:02.120949
Howl and Other Poems,40.45,In stock,0,2025-06-25 16:58:02.121142
History of Beauty,10.29,In stock,0,2025-06-25 16:58:02.121332
Heaven is for Real: A Little Boy's Astounding Story of His Trip to Heaven and Back,52.86,In stock,0,2025-06-25 16:58:02.324947
Future Shock (Future Shock #1),55.65,In stock,0,2025-06-25 16:58:02.325139
Ender's Game (The Ender Quintet #1),43.64,In stock,0,2025-06-25 16:58:02.325317
Diary of a Citizen Scientist: Chasing Tiger Beetles and Other New Ways of Engaging the World,28.41,In stock,0,2025-06-25 16:58:02.325492
Death by Leisure: A Cautionary Tale,37.51,In stock,0,2025-06-25 16:58:02.325667
Brilliant Beacons: A History of the American Lighthouse,11.45,In stock,0,2025-06-25 16:58:02.325841
Brazen: The Courage to Find the You That's Been Hiding,19.22,In stock,0,2025-06-25 16:58:02.326025
Between the World and Me,56.91,In stock,0,2025-06-25 16:58:02.326263
Being Mortal: Medicine and What Matters in the End,55.06,In stock,0,2025-06-25 16:58:02.326492
"A Murder Over a Girl: Justice, Gender, Junior High",13.2,In stock,0,2025-06-25 16:58:02.326701
32 Yolks,53.63,In stock,0,2025-06-25 16:58:02.326910
"""Most Blessed of the Patriarchs"": Thomas Jefferson and the Empire of the Imagination",44.48,In stock,0,2025-06-25 16:58:02.327124
You Are a Badass: How to Stop Doubting Your Greatness and Start Living an Awesome Life,12.08,In stock,0,2025-06-25 16:58:02.327316
Wildlife of New York: A Five-Borough Coloring Book,22.14,In stock,0,2025-06-25 16:58:02.327503
What Happened on Beale Street (Secrets of the South Mysteries #2),25.37,In stock,0,2025-06-25 16:58:02.327694
Unreasonable Hope: Finding Faith in the God Who Brings Purpose to Your Pain,46.33,In stock,0,2025-06-25 16:58:02.327882
Under the Tuscan Sun,37.33,In stock,0,2025-06-25 16:58:02.328060
Toddlers Are A**holes: It's Not Your Fault,25.55,In stock,0,2025-06-25 16:58:02.328261
The Year of Living Biblically: One Man's Humble Quest to Follow the Bible as Literally as Possible,34.72,In stock,0,2025-06-25 16:58:02.328453
The Whale,35.96,In stock,0,2025-06-25 16:58:02.328637
The Story of Art,41.14,In stock,0,2025-06-25 16:58:02.538878
The Origin of Species,10.01,In stock,0,2025-06-25 16:58:02.539062
The Great Gatsby,36.05,In stock,0,2025-06-25 16:58:02.539246
The Good Girl,49.03,In stock,0,2025-06-25 16:58:02.539441
The Glass Castle,16.24,In stock,0,2025-06-25 16:58:02.539664
The Faith of Christopher Hitchens: The Restless Soul of the World's Most Notorious Atheist,39.55,In stock,0,2025-06-25 16:58:02.539864
The Drowning Girls,35.67,In stock,0,2025-06-25 16:58:02.540096
The Constant Princess (The Tudor Court #1),16.62,In stock,0,2025-06-25 16:58:02.540291
The Bourne Identity (Jason Bourne #1),42.78,In stock,0,2025-06-25 16:58:02.540482
The Bachelor Girl's Guide to Murder (Herringford and Watts Mysteries #1),52.3,In stock,0,2025-06-25 16:58:02.540677
The Art Book,32.34,In stock,0,2025-06-25 16:58:02.540911
The 7 Habits of Highly Effective People: Powerful Lessons in Personal Change,33.17,In stock,0,2025-06-25 16:58:02.541174
Team of Rivals: The Political Genius of Abraham Lincoln,20.12,In stock,0,2025-06-25 16:58:02.541411
Steal Like an Artist: 10 Things Nobody Told You About Being Creative,20.9,In stock,0,2025-06-25 16:58:02.541649
"Sit, Stay, Love",20.9,In stock,0,2025-06-25 16:58:02.541917
Sister Dear,40.2,In stock,0,2025-06-25 16:58:02.542151
"Shrunken Treasures: Literary Classics, Short, Sweet, and Silly",52.87,In stock,0,2025-06-25 16:58:02.542398
"Rich Dad, Poor Dad",51.74,In stock,0,2025-06-25 16:58:02.542630
Raymie Nightingale,34.41,In stock,0,2025-06-25 16:58:02.542856
Playing from the Heart,32.38,In stock,0,2025-06-25 16:58:02.543047
Nightstruck: A Novel,50.35,In stock,0,2025-06-25 16:58:02.749034
"Naturally Lean: 125 Nourishing Gluten-Free, Plant-Based Recipes--All Under 300 Calories",11.38,In stock,0,2025-06-25 16:58:02.749916
Meternity,43.58,In stock,0,2025-06-25 16:58:02.750150
Memoirs of a Geisha,49.67,In stock,0,2025-06-25 16:58:02.750338
Like Never Before (Walker Family #2),28.77,In stock,0,2025-06-25 16:58:02.750540
Life of Pi,13.22,In stock,0,2025-06-25 16:58:02.750762
Leave This Song Behind: Teen Poetry at Its Best,51.17,In stock,0,2025-06-25 16:58:02.750987
King's Folly (The Kinsman Chronicles #1),39.61,In stock,0,2025-06-25 16:58:02.751207
John Adams,57.43,In stock,0,2025-06-25 16:58:02.751475
How to Cook Everything Vegetarian: Simple Meatless Recipes for Great Food (How to Cook Everything),46.01,In stock,0,2025-06-25 16:58:02.751693
How to Be a Domestic Goddess: Baking and the Art of Comfort Cooking,28.25,In stock,0,2025-06-25 16:58:02.751893
Good in Bed (Cannie Shapiro #1),37.05,In stock,0,2025-06-25 16:58:02.752108
"Fruits Basket, Vol. 7 (Fruits Basket #7)",19.57,In stock,0,2025-06-25 16:58:02.752378
For the Love: Fighting for Grace in a World of Impossible Standards,45.13,In stock,0,2025-06-25 16:58:02.752584
Finding God in the Ruins: How God Redeems Pain,46.64,In stock,0,2025-06-25 16:58:02.752772
Every Heart a Doorway (Every Heart A Doorway #1),12.16,In stock,0,2025-06-25 16:58:02.752960
Delivering the Truth (Quaker Midwife Mystery #1),20.89,In stock,0,2025-06-25 16:58:02.753149
Counted With the Stars (Out from Egypt #1),17.97,In stock,0,2025-06-25 16:58:02.753334
"Chronicles, Vol. 1",52.6,In stock,0,2025-06-25 16:58:02.753512
Blue Like Jazz: Nonreligious Thoughts on Christian Spirituality,25.77,In stock,0,2025-06-25 16:58:02.753685
Benjamin Franklin: An American Life,48.19,In stock,0,2025-06-25 16:58:02.963281
"At The Existentialist Café: Freedom, Being, and apricot cocktails with: Jean-Paul Sartre, Simone de Beauvoir, Albert Camus, Martin Heidegger, Edmund Husserl, Karl Jaspers, Maurice Merleau-Ponty and others",29.93,In stock,0,2025-06-25 16:58:02.963469
A Summer In Europe,44.34,In stock,0,2025-06-25 16:58:02.963687
A Short History of Nearly Everything,52.4,In stock,0,2025-06-25 16:58:02.963863
A Gathering of Shadows (Shades of Magic #2),44.81,In stock,0,2025-06-25 16:58:02.964037
The Sound Of Love,57.84,In stock,0,2025-06-25 16:58:02.964246
The Rise and Fall of the Third Reich: A History of Nazi Germany,39.67,In stock,0,2025-06-25 16:58:02.964440
The Perks of Being a Wallflower,55.02,In stock,0,2025-06-25 16:58:02.964624
The Mysterious Affair at Styles (Hercule Poirot #1),24.8,In stock,0,2025-06-25 16:58:02.964811
The Man Who Mistook His Wife for a Hat and Other Clinical Tales,59.45,In stock,0,2025-06-25 16:58:02.965004
The Makings of a Fatherless Child,31.58,In stock,0,2025-06-25 16:58:02.965193
The Joy of Cooking,43.27,In stock,0,2025-06-25 16:58:02.965377
The Invention of Wings,37.34,In stock,0,2025-06-25 16:58:02.965563
The Hobbit (Middle-Earth Universe),17.8,In stock,0,2025-06-25 16:58:02.965747
The Great Railway Bazaar,30.54,In stock,0,2025-06-25 16:58:02.965932
The Golden Compass (His Dark Materials #1),18.77,In stock,0,2025-06-25 16:58:02.966117
The God Delusion,46.85,In stock,0,2025-06-25 16:58:02.966328
The Girl You Left Behind (The Girl You Left Behind #1),15.79,In stock,0,2025-06-25 16:58:02.966528
The Fellowship of the Ring (The Lord of the Rings #1),10.27,In stock,0,2025-06-25 16:58:02.966715
The Collected Poems of W.B. Yeats (The Collected Works of W.B. Yeats #1),15.42,In stock,0,2025-06-25 16:58:02.966904
The Barefoot Contessa Cookbook,59.92,In stock,0,2025-06-25 16:58:03.212721
Tell the Wolves I'm Home,50.96,In stock,0,2025-06-25 16:58:03.212975
Ship Leaves Harbor: Essays on Travel by a Recovering Journeyman,30.6,In stock,0,2025-06-25 16:58:03.213220
Pride and Prejudice,19.27,In stock,0,2025-06-25 16:58:03.213481
Musicophilia: Tales of Music and the Brain,46.58,In stock,0,2025-06-25 16:58:03.213742
Mere Christianity,48.51,In stock,0,2025-06-25 16:58:03.214004
Me Before You (Me Before You #1),19.02,In stock,0,2025-06-25 16:58:03.214298
In the Woods (Dublin Murder Squad #1),38.38,In stock,0,2025-06-25 16:58:03.214554
In Cold Blood,49.98,In stock,0,2025-06-25 16:58:03.214813
How to Stop Worrying and Start Living,46.49,In stock,0,2025-06-25 16:58:03.215103
Give It Back,18.32,In stock,0,2025-06-25 16:58:03.215351
"Girl, Interrupted",42.14,In stock,0,2025-06-25 16:58:03.215592
Fun Home: A Family Tragicomic,56.59,In stock,0,2025-06-25 16:58:03.215832
"Fruits Basket, Vol. 6 (Fruits Basket #6)",20.96,In stock,0,2025-06-25 16:58:03.216082
Deception Point,40.32,In stock,0,2025-06-25 16:58:03.216343
"Death Note, Vol. 6: Give-and-Take (Death Note #6)",36.39,In stock,0,2025-06-25 16:58:03.216562
Catherine the Great: Portrait of a Woman,58.55,In stock,0,2025-06-25 16:58:03.216782
Better Homes and Gardens New Cook Book,39.61,In stock,0,2025-06-25 16:58:03.217000
An Unquiet Mind: A Memoir of Moods and Madness,21.3,In stock,0,2025-06-25 16:58:03.217218
A Year in Provence (Provence #1),56.88,In stock,0,2025-06-25 16:58:03.217449
World Without End (The Pillars of the Earth #2),32.97,In stock,0,2025-06-25 16:58:03.448763
"Will Grayson, Will Grayson (Will Grayson, Will Grayson)",47.31,In stock,0,2025-06-25 16:58:03.448966
Why Save the Bankers?: And Other Essays on Our Economic and Political Crisis,48.67,In stock,0,2025-06-25 16:58:03.449144
Where She Went (If I Stay #2),41.73,In stock,0,2025-06-25 16:58:03.449321
What If?: Serious Scientific Answers to Absurd Hypothetical Questions,53.68,In stock,0,2025-06-25 16:58:03.449502
Two Summers,14.64,In stock,0,2025-06-25 16:58:03.449678
This Is Your Brain on Music: The Science of a Human Obsession,38.4,In stock,0,2025-06-25 16:58:03.449854
The Secret Garden,15.08,In stock,0,2025-06-25 16:58:03.450029
The Raven King (The Raven Cycle #4),30.57,In stock,0,2025-06-25 16:58:03.450243
The Raven Boys (The Raven Cycle #1),57.74,In stock,0,2025-06-25 16:58:03.450457
The Power Greens Cookbook: 140 Delicious Superfood Recipes,11.05,In stock,0,2025-06-25 16:58:03.450676
The Metamorphosis,28.58,In stock,0,2025-06-25 16:58:03.450888
The Mathews Men: Seven Brothers and the War Against Hitler's U-boats,42.91,In stock,0,2025-06-25 16:58:03.451120
The Little Paris Bookshop,24.73,In stock,0,2025-06-25 16:58:03.451302
The Hiding Place,55.91,In stock,0,2025-06-25 16:58:03.451481
The Grand Design,13.76,In stock,0,2025-06-25 16:58:03.451679
The Firm,45.56,In stock,0,2025-06-25 16:58:03.451867
The Fault in Our Stars,47.22,In stock,0,2025-06-25 16:58:03.452045
The False Prince (The Ascendance Trilogy #1),56.0,In stock,0,2025-06-25 16:58:03.452255
The Expatriates,44.58,In stock,0,2025-06-25 16:58:03.452463
The Dream Thieves (The Raven Cycle #2),34.5,In stock,0,2025-06-25 16:58:03.667014
The Darkest Corners,11.33,In stock,0,2025-06-25 16:58:03.667275
The Crossover,38.77,In stock,0,2025-06-25 16:58:03.667546
The 5th Wave (The 5th Wave #1),11.83,In stock,0,2025-06-25 16:58:03.667815
Tell the Wind and Fire,45.51,In stock,0,2025-06-25 16:58:03.668107
Tell Me Three Things,41.81,In stock,0,2025-06-25 16:58:03.668357
Talking to Girls About Duran Duran: One Young Man's Quest for True Love and a Cooler Haircut,25.15,In stock,0,2025-06-25 16:58:03.668565
Siddhartha,34.22,In stock,0,2025-06-25 16:58:03.668771
Shiver (The Wolves of Mercy Falls #1),16.23,In stock,0,2025-06-25 16:58:03.668998
Remember Me?,11.48,In stock,0,2025-06-25 16:58:03.669207
Red Dragon (Hannibal Lecter #1),23.37,In stock,0,2025-06-25 16:58:03.669413
Peak: Secrets from the New Science of Expertise,16.28,In stock,0,2025-06-25 16:58:03.669633
My Mother Was Nuts,31.63,In stock,0,2025-06-25 16:58:03.669865
Mexican Today: New and Rediscovered Recipes for Contemporary Kitchens,24.91,In stock,0,2025-06-25 16:58:03.670112
Maybe Something Beautiful: How Art Transformed a Neighborhood,22.54,In stock,0,2025-06-25 16:58:03.670339
Lola and the Boy Next Door (Anna and the French Kiss #2),23.63,In stock,0,2025-06-25 16:58:03.670588
Logan Kade (Fallen Crest High #5.5),13.12,In stock,0,2025-06-25 16:58:03.670812
Last One Home (New Beginnings #1),59.98,In stock,0,2025-06-25 16:58:03.671094
Killing Floor (Jack Reacher #1),31.49,In stock,0,2025-06-25 16:58:03.671336
Kill the Boy Band,15.52,In stock,0,2025-06-25 16:58:03.671533
Isla and the Happily Ever After (Anna and the French Kiss #3),48.13,In stock,0,2025-06-25 16:58:03.888850
If I Stay (If I Stay #1),38.13,In stock,0,2025-06-25 16:58:03.889045
I Know Why the Caged Bird Sings (Maya Angelou's Autobiography #1),36.55,In stock,0,2025-06-25 16:58:03.889266
Harry Potter and the Deathly Hallows (Harry Potter #7),23.32,In stock,0,2025-06-25 16:58:03.889475
"Fruits Basket, Vol. 5 (Fruits Basket #5)",16.33,In stock,0,2025-06-25 16:58:03.889660
Foundation (Foundation (Publication Order) #1),32.42,In stock,0,2025-06-25 16:58:03.889855
Fool Me Once,16.96,In stock,0,2025-06-25 16:58:03.890050
Find Her (Detective D.D. Warren #8),22.37,In stock,0,2025-06-25 16:58:03.890294
Evicted: Poverty and Profit in the American City,42.27,In stock,0,2025-06-25 16:58:03.890556
Drama,38.7,In stock,0,2025-06-25 16:58:03.890792
Dracula the Un-Dead,35.63,In stock,0,2025-06-25 16:58:03.891020
Digital Fortress,58.0,In stock,0,2025-06-25 16:58:03.891225
"Death Note, Vol. 5: Whiteout (Death Note #5)",52.41,In stock,0,2025-06-25 16:58:03.891430
"Data, A Love Story: How I Gamed Online Dating to Meet My Match",32.35,In stock,0,2025-06-25 16:58:03.891631
Critique of Pure Reason,20.75,In stock,0,2025-06-25 16:58:03.891827
Booked,17.49,In stock,0,2025-06-25 16:58:03.892024
"Blue Lily, Lily Blue (The Raven Cycle #3)",34.13,In stock,0,2025-06-25 16:58:03.892220
Approval Junkie: Adventures in Caring Too Much,58.81,In stock,0,2025-06-25 16:58:03.892463
An Abundance of Katherines,10.0,In stock,0,2025-06-25 16:58:03.892684
America's War for the Greater Middle East: A Military History,51.22,In stock,0,2025-06-25 16:58:03.892908
Alight (The Generations Trilogy #2),58.59,In stock,0,2025-06-25 16:58:04.103992
A Girl's Guide to Moving On (New Beginnings #2),31.3,In stock,0,2025-06-25 16:58:04.104181
A Game of Thrones (A Song of Ice and Fire #1),46.42,In stock,0,2025-06-25 16:58:04.104365
A Feast for Crows (A Song of Ice and Fire #4),17.21,In stock,0,2025-06-25 16:58:04.104534
A Clash of Kings (A Song of Ice and Fire #2),10.79,In stock,0,2025-06-25 16:58:04.104702
Vogue Colors A to Z: A Fashion Coloring Book,52.35,In stock,0,2025-06-25 16:58:04.104873
The Shining (The Shining #1),27.88,In stock,0,2025-06-25 16:58:04.105043
The Pilgrim's Progress,50.26,In stock,0,2025-06-25 16:58:04.105213
The Perfect Play (Play by Play #1),59.99,In stock,0,2025-06-25 16:58:04.105405
The Passion of Dolssa,28.32,In stock,0,2025-06-25 16:58:04.105583
The Jazz of Physics: The Secret Link Between Music and the Structure of the Universe,38.71,In stock,0,2025-06-25 16:58:04.105776
The Hunger Games (The Hunger Games #1),29.85,In stock,0,2025-06-25 16:58:04.105962
The Hound of the Baskervilles (Sherlock Holmes #5),14.82,In stock,0,2025-06-25 16:58:04.106145
The Gunning of America: Business and the Making of American Gun Culture,16.81,In stock,0,2025-06-25 16:58:04.106353
The Geography of Bliss: One Grump's Search for the Happiest Places in the World,28.23,In stock,0,2025-06-25 16:58:04.106658
The Demonists (Demonist #1),52.11,In stock,0,2025-06-25 16:58:04.106883
"The Demon Prince of Momochi House, Vol. 4 (The Demon Prince of Momochi House #4)",27.88,In stock,0,2025-06-25 16:58:04.107109
The Bone Hunters (Lexy Vaughan & Steven Macaulay #2),59.71,In stock,0,2025-06-25 16:58:04.107333
The Beast (Black Dagger Brotherhood #14),46.08,In stock,0,2025-06-25 16:58:04.107535
Some Women,13.73,In stock,0,2025-06-25 16:58:04.107773
Shopaholic Ties the Knot (Shopaholic #3),48.39,In stock,0,2025-06-25 16:58:04.328821
Paper and Fire (The Great Library #2),49.45,In stock,0,2025-06-25 16:58:04.329073
Outlander (Outlander #1),19.67,In stock,0,2025-06-25 16:58:04.329279
"Orchestra of Exiles: The Story of Bronislaw Huberman, the Israel Philharmonic, and the One Thousand Jews He Saved from Nazi Horrors",12.36,In stock,0,2025-06-25 16:58:04.329487
No One Here Gets Out Alive,20.02,In stock,0,2025-06-25 16:58:04.329698
Night Shift (Night Shift #1-20),12.75,In stock,0,2025-06-25 16:58:04.329914
Needful Things,47.51,In stock,0,2025-06-25 16:58:04.330143
Mockingjay (The Hunger Games #3),20.44,In stock,0,2025-06-25 16:58:04.330352
Misery,34.79,In stock,0,2025-06-25 16:58:04.330576
Little Women (Little Women #1),28.07,In stock,0,2025-06-25 16:58:04.330774
It,25.01,In stock,0,2025-06-25 16:58:04.330972
Harry Potter and the Sorcerer's Stone (Harry Potter #1),13.9,In stock,0,2025-06-25 16:58:04.331197
Harry Potter and the Prisoner of Azkaban (Harry Potter #3),24.17,In stock,0,2025-06-25 16:58:04.331387
Harry Potter and the Order of the Phoenix (Harry Potter #5),31.63,In stock,0,2025-06-25 16:58:04.331569
Harry Potter and the Half-Blood Prince (Harry Potter #6),48.75,In stock,0,2025-06-25 16:58:04.331761
Harry Potter and the Chamber of Secrets (Harry Potter #2),14.74,In stock,0,2025-06-25 16:58:04.331954
Gone with the Wind,32.49,In stock,0,2025-06-25 16:58:04.332132
God Is Not Great: How Religion Poisons Everything,27.8,In stock,0,2025-06-25 16:58:04.332311
Girl With a Pearl Earring,26.77,In stock,0,2025-06-25 16:58:04.332507
"Fruits Basket, Vol. 4 (Fruits Basket #4)",50.44,In stock,0,2025-06-25 16:58:04.332695
Far From True (Promise Falls Trilogy #2),34.93,In stock,0,2025-06-25 16:58:04.543108
Dark Lover (Black Dagger Brotherhood #1),12.87,In stock,0,2025-06-25 16:58:04.543299
Confessions of a Shopaholic (Shopaholic #1),48.94,In stock,0,2025-06-25 16:58:04.543474
Changing the Game (Play by Play #2),13.38,In stock,0,2025-06-25 16:58:04.543687
Candide,58.63,In stock,0,2025-06-25 16:58:04.543865
Can You Keep a Secret?,21.94,In stock,0,2025-06-25 16:58:04.544044
Atlas Shrugged,26.58,In stock,0,2025-06-25 16:58:04.544219
Animal Farm,57.22,In stock,0,2025-06-25 16:58:04.544416
A Walk to Remember,56.43,In stock,0,2025-06-25 16:58:04.544590
A New Earth: Awakening to Your Life's Purpose,55.65,In stock,0,2025-06-25 16:58:04.544765
"A History of God: The 4,000-Year Quest of Judaism, Christianity, and Islam",27.62,In stock,0,2025-06-25 16:58:04.544948
'Salem's Lot,49.56,In stock,0,2025-06-25 16:58:04.545136
Zero History (Blue Ant #3),34.77,In stock,0,2025-06-25 16:58:04.545322
Wuthering Heights,17.73,In stock,0,2025-06-25 16:58:04.545506
World War Z: An Oral History of the Zombie War,21.8,In stock,0,2025-06-25 16:58:04.545686
Wild: From Lost to Found on the Pacific Crest Trail,46.02,In stock,0,2025-06-25 16:58:04.545870
"Where'd You Go, Bernadette",18.13,In stock,0,2025-06-25 16:58:04.546053
When You Are Engulfed in Flames,30.89,In stock,0,2025-06-25 16:58:04.546233
We the People: The Modern-Day Figures Who Have Reshaped and Affirmed the Founding Fathers' Vision of America,31.95,In stock,0,2025-06-25 16:58:04.546477
We Are All Completely Beside Ourselves,24.04,In stock,0,2025-06-25 16:58:04.546706
Walk the Edge (Thunder Road #2),32.36,In stock,0,2025-06-25 16:58:04.755388
Voyager (Outlander #3),21.07,In stock,0,2025-06-25 16:58:04.755668
Very Good Lives: The Fringe Benefits of Failure and the Importance of Imagination,50.66,In stock,0,2025-06-25 16:58:04.755876
Vegan Vegetarian Omnivore: Dinner for Everyone at the Table,13.66,In stock,0,2025-06-25 16:58:04.756079
"Unstuffed: Decluttering Your Home, Mind, and Soul",58.09,In stock,0,2025-06-25 16:58:04.756331
Under the Banner of Heaven: A Story of Violent Faith,30.0,In stock,0,2025-06-25 16:58:04.756540
Two Boys Kissing,32.74,In stock,0,2025-06-25 16:58:04.756956
Twilight (Twilight #1),41.93,In stock,0,2025-06-25 16:58:04.757170
Twenties Girl,42.8,In stock,0,2025-06-25 16:58:04.757370
"Trespassing Across America: One Man's Epic, Never-Done-Before (and Sort of Illegal) Hike Across the Heartland",53.51,In stock,0,2025-06-25 16:58:04.757573
Three-Martini Lunch,23.21,In stock,0,2025-06-25 16:58:04.757780
"Thinking, Fast and Slow",21.14,In stock,0,2025-06-25 16:58:04.757984
The Wild Robot,56.07,In stock,0,2025-06-25 16:58:04.758187
"The Wicked + The Divine, Vol. 3: Commercial Suicide (The Wicked + The Divine)",14.41,In stock,0,2025-06-25 16:58:04.758412
The Undomestic Goddess,45.75,In stock,0,2025-06-25 16:58:04.758634
The Travelers,15.77,In stock,0,2025-06-25 16:58:04.758859
The Tipping Point: How Little Things Can Make a Big Difference,10.02,In stock,0,2025-06-25 16:58:04.759140
The Thing About Jellyfish,48.77,In stock,0,2025-06-25 16:58:04.759411
The Stand,57.86,In stock,0,2025-06-25 16:58:04.759635
The Smitten Kitchen Cookbook,23.59,In stock,0,2025-06-25 16:58:04.759858
The Silkworm (Cormoran Strike #2),23.05,In stock,0,2025-06-25 16:58:04.966366
"The Sandman, Vol. 3: Dream Country (The Sandman (volumes) #3)",55.55,In stock,0,2025-06-25 16:58:04.966593
The Rose & the Dagger (The Wrath and the Dawn #2),58.64,In stock,0,2025-06-25 16:58:04.966800
The Road to Little Dribbling: Adventures of an American in Britain (Notes From a Small Island #2),23.21,In stock,0,2025-06-25 16:58:04.966988
The Rise of Theodore Roosevelt (Theodore Roosevelt #1),42.57,In stock,0,2025-06-25 16:58:04.967167
The Restaurant at the End of the Universe (Hitchhiker's Guide to the Galaxy #2),10.92,In stock,0,2025-06-25 16:58:04.967345
The Rest Is Noise: Listening to the Twentieth Century,34.77,In stock,0,2025-06-25 16:58:04.967522
The Red Tent,35.66,In stock,0,2025-06-25 16:58:04.967696
The Purpose Driven Life: What on Earth Am I Here for?,37.19,In stock,0,2025-06-25 16:58:04.967870
The Purest Hook (Second Circle Tattoos #3),12.25,In stock,0,2025-06-25 16:58:04.968047
The Picture of Dorian Gray,29.7,In stock,0,2025-06-25 16:58:04.968223
The Paris Wife,36.8,In stock,0,2025-06-25 16:58:04.968416
The Obsession,45.43,In stock,0,2025-06-25 16:58:04.968593
The Nightingale,26.26,In stock,0,2025-06-25 16:58:04.968768
The New Guy (and Other Senior Year Distractions),44.92,In stock,0,2025-06-25 16:58:04.968953
The Nanny Diaries (Nanny #1),52.53,In stock,0,2025-06-25 16:58:04.969125
The Name of God is Mercy,37.25,In stock,0,2025-06-25 16:58:04.969295
The Maze Runner (The Maze Runner #1),20.93,In stock,0,2025-06-25 16:58:04.969469
The Lover's Dictionary,58.09,In stock,0,2025-06-25 16:58:04.969659
The Lonely Ones,43.59,In stock,0,2025-06-25 16:58:04.969848
The Lean Startup: How Today's Entrepreneurs Use Continuous Innovation to Create Radically Successful Businesses,33.92,In stock,0,2025-06-25 16:58:05.193092
The Last Painting of Sara de Vos,55.55,In stock,0,2025-06-25 16:58:05.193275
"The Land of 10,000 Madonnas",29.64,In stock,0,2025-06-25 16:58:05.193453
The Infinities,27.41,In stock,0,2025-06-25 16:58:05.193622
The Husband's Secret,52.51,In stock,0,2025-06-25 16:58:05.193791
The Hitchhiker's Guide to the Galaxy (Hitchhiker's Guide to the Galaxy #1),47.8,In stock,0,2025-06-25 16:58:05.193961
The Guns of August,14.54,In stock,0,2025-06-25 16:58:05.194128
The Guernsey Literary and Potato Peel Pie Society,49.53,In stock,0,2025-06-25 16:58:05.194305
The Goldfinch,43.58,In stock,0,2025-06-25 16:58:05.194572
The Giver (The Giver Quartet #1),12.3,In stock,0,2025-06-25 16:58:05.194794
The Girl with All the Gifts,49.47,In stock,0,2025-06-25 16:58:05.195016
The Girl Who Played with Fire (Millennium Trilogy #2),22.14,In stock,0,2025-06-25 16:58:05.195288
The Girl Who Kicked the Hornet's Nest (Millennium Trilogy #3),57.48,In stock,0,2025-06-25 16:58:05.195521
The Exiled,43.45,In stock,0,2025-06-25 16:58:05.195753
"The End of Faith: Religion, Terror, and the Future of Reason",22.13,In stock,0,2025-06-25 16:58:05.195988
"The Elegant Universe: Superstrings, Hidden Dimensions, and the Quest for the Ultimate Theory",13.03,In stock,0,2025-06-25 16:58:05.196192
"The Disappearing Spoon: And Other True Tales of Madness, Love, and the History of the World from the Periodic Table of the Elements",57.35,In stock,0,2025-06-25 16:58:05.196381
The Devil Wears Prada (The Devil Wears Prada #1),44.29,In stock,0,2025-06-25 16:58:05.196597
The Demon-Haunted World: Science as a Candle in the Dark,52.25,In stock,0,2025-06-25 16:58:05.196795
The Day the Crayons Came Home (Crayons),26.33,In stock,0,2025-06-25 16:58:05.196985
The Da Vinci Code (Robert Langdon #2),22.96,In stock,0,2025-06-25 16:58:05.410702
The Cuckoo's Calling (Cormoran Strike #1),19.21,In stock,0,2025-06-25 16:58:05.410936
The Complete Stories and Poems (The Works of Edgar Allan Poe [Cameo Edition]),26.78,In stock,0,2025-06-25 16:58:05.411154
The Complete Poems,41.32,In stock,0,2025-06-25 16:58:05.411393
The Catcher in the Rye,24.55,In stock,0,2025-06-25 16:58:05.411613
The Cat in the Hat (Beginner Books B-1),16.26,In stock,0,2025-06-25 16:58:05.411817
The Case for Christ (Cases for Christianity),47.84,In stock,0,2025-06-25 16:58:05.412015
The Book Thief,53.49,In stock,0,2025-06-25 16:58:05.412232
The Book of Basketball: The NBA According to The Sports Guy,44.84,In stock,0,2025-06-25 16:58:05.412433
The Blind Side: Evolution of a Game,53.71,In stock,0,2025-06-25 16:58:05.412629
The Autobiography of Malcolm X,23.43,In stock,0,2025-06-25 16:58:05.412818
"The Art of Simple Food: Notes, Lessons, and Recipes from a Delicious Revolution",34.32,In stock,0,2025-06-25 16:58:05.413032
The Art of Fielding,22.1,In stock,0,2025-06-25 16:58:05.413213
"Surely You're Joking, Mr. Feynman!: Adventures of a Curious Character",25.83,In stock,0,2025-06-25 16:58:05.413393
Stiff: The Curious Lives of Human Cadavers,36.74,In stock,0,2025-06-25 16:58:05.413587
Spilled Milk: Based on a True Story,49.51,In stock,0,2025-06-25 16:58:05.413826
Something Borrowed (Darcy & Rachel #1),48.96,In stock,0,2025-06-25 16:58:05.414066
Something Blue (Darcy & Rachel #2),54.62,In stock,0,2025-06-25 16:58:05.414333
Soldier (Talon #3),24.72,In stock,0,2025-06-25 16:58:05.414629
Shopaholic & Baby (Shopaholic #5),46.45,In stock,0,2025-06-25 16:58:05.414841
Seven Days in the Art World,52.33,In stock,0,2025-06-25 16:58:05.633499
Seven Brief Lessons on Physics,30.6,In stock,0,2025-06-25 16:58:05.633724
Scarlet (The Lunar Chronicles #2),14.57,In stock,0,2025-06-25 16:58:05.633922
Sarah's Key,46.29,In stock,0,2025-06-25 16:58:05.634156
"Saga, Volume 3 (Saga (Collected Editions) #3)",21.57,In stock,0,2025-06-25 16:58:05.634395
Running with Scissors,12.91,In stock,0,2025-06-25 16:58:05.634646
Rogue Lawyer (Rogue Lawyer #1),50.11,In stock,0,2025-06-25 16:58:05.634887
"Rise of the Rocket Girls: The Women Who Propelled Us, from Missiles to the Moon to Mars",41.67,In stock,0,2025-06-25 16:58:05.635835
Rework,44.88,In stock,0,2025-06-25 16:58:05.636566
Reservations for Two,11.1,In stock,0,2025-06-25 16:58:05.636960
Red: The True Story of Red Riding Hood,28.54,In stock,0,2025-06-25 16:58:05.637220
Ready Player One,19.07,In stock,0,2025-06-25 16:58:05.637484
Quiet: The Power of Introverts in a World That Can't Stop Talking,43.55,In stock,0,2025-06-25 16:58:05.637754
Prodigy: The Graphic Novel (Legend: The Graphic Novel #2),43.63,In stock,0,2025-06-25 16:58:05.638006
Persepolis: The Story of a Childhood (Persepolis #1-2),39.13,In stock,0,2025-06-25 16:58:05.638279
Packing for Mars: The Curious Science of Life in the Void,56.68,In stock,0,2025-06-25 16:58:05.638568
Outliers: The Story of Success,14.16,In stock,0,2025-06-25 16:58:05.638869
Original Fake,31.45,In stock,0,2025-06-25 16:58:05.639170
Orange Is the New Black,24.61,In stock,0,2025-06-25 16:58:05.639472
One for the Money (Stephanie Plum #1),32.87,In stock,0,2025-06-25 16:58:05.639745
Notes from a Small Island (Notes From a Small Island #1),40.17,In stock,0,2025-06-25 16:58:05.859420
Night (The Night Trilogy #1),13.51,In stock,0,2025-06-25 16:58:05.859624
Neither Here nor There: Travels in Europe,38.95,In stock,0,2025-06-25 16:58:05.859819
Naked,31.69,In stock,0,2025-06-25 16:58:05.860012
Morning Star (Red Rising #3),29.4,In stock,0,2025-06-25 16:58:05.860201
"Miracles from Heaven: A Little Girl, Her Journey to Heaven, and Her Amazing Story of Healing",57.83,In stock,0,2025-06-25 16:58:05.860412
Midnight Riot (Peter Grant/ Rivers of London - books #1),55.46,In stock,0,2025-06-25 16:58:05.860600
Me Talk Pretty One Day,57.6,In stock,0,2025-06-25 16:58:05.860785
Manuscript Found in Accra,34.98,In stock,0,2025-06-25 16:58:05.860967
Lust & Wonder,11.87,In stock,0,2025-06-25 16:58:05.861158
Lila (Gilead #3),12.47,In stock,0,2025-06-25 16:58:05.861410
"Life, the Universe and Everything (Hitchhiker's Guide to the Galaxy #3)",33.26,In stock,0,2025-06-25 16:58:05.861598
Life Without a Recipe,59.04,In stock,0,2025-06-25 16:58:05.861771
Life After Life,26.13,In stock,0,2025-06-25 16:58:05.861945
Letter to a Christian Nation,22.2,In stock,0,2025-06-25 16:58:05.862118
Let's Pretend This Never Happened: A Mostly True Memoir,45.11,In stock,0,2025-06-25 16:58:05.862305
Legend (Legend #1),43.69,In stock,0,2025-06-25 16:58:05.862590
"Lean In: Women, Work, and the Will to Lead",25.02,In stock,0,2025-06-25 16:58:05.862834
"Lamb: The Gospel According to Biff, Christ's Childhood Pal",55.5,In stock,0,2025-06-25 16:58:05.863074
Lady Renegades (Rebel Belle #3),53.04,In stock,0,2025-06-25 16:58:05.863273
Jurassic Park (Jurassic Park #1),44.97,In stock,0,2025-06-25 16:58:06.069873
It's Never Too Late to Begin Again: Discovering Creativity and Meaning at Midlife and Beyond,42.38,In stock,0,2025-06-25 16:58:06.070068
Is Everyone Hanging Out Without Me? (And Other Concerns),20.11,In stock,0,2025-06-25 16:58:06.070307
Into the Wild,56.7,In stock,0,2025-06-25 16:58:06.070534
Inferno (Robert Langdon #4),41.0,In stock,0,2025-06-25 16:58:06.070721
"In the Garden of Beasts: Love, Terror, and an American Family in Hitler's Berlin",28.85,In stock,0,2025-06-25 16:58:06.070922
If I Run (If I Run #1),49.97,In stock,0,2025-06-25 16:58:06.071101
I've Got Your Number,19.69,In stock,0,2025-06-25 16:58:06.071311
I Am Malala: The Girl Who Stood Up for Education and Was Shot by the Taliban,28.88,In stock,0,2025-06-25 16:58:06.071495
Hungry Girl Clean & Hungry: Easy All-Natural Recipes for Healthy Eating in the Real World,33.14,In stock,0,2025-06-25 16:58:06.071670
"House of Lost Worlds: Dinosaurs, Dynasties, and the Story of Life on Earth",43.7,In stock,0,2025-06-25 16:58:06.071852
House of Leaves,54.89,In stock,0,2025-06-25 16:58:06.072028
Horrible Bear!,37.52,In stock,0,2025-06-25 16:58:06.072203
Holidays on Ice,51.07,In stock,0,2025-06-25 16:58:06.072378
Heir to the Sky,44.07,In stock,0,2025-06-25 16:58:06.072575
Green Eggs and Ham (Beginner Books B-16),10.79,In stock,0,2025-06-25 16:58:06.072789
"Grayson, Vol 3: Nemesis (Grayson #3)",42.72,In stock,0,2025-06-25 16:58:06.073026
Gratitude,26.66,In stock,0,2025-06-25 16:58:06.073246
Gone Girl,37.6,In stock,0,2025-06-25 16:58:06.073456
Golden (Heart of Dread #3),42.21,In stock,0,2025-06-25 16:58:06.073667
Girl in the Blue Coat,46.83,In stock,0,2025-06-25 16:58:06.304609
"Fruits Basket, Vol. 3 (Fruits Basket #3)",45.17,In stock,0,2025-06-25 16:58:06.304847
"Friday Night Lights: A Town, a Team, and a Dream",51.22,In stock,0,2025-06-25 16:58:06.305068
Fire Bound (Sea Haven/Sisters of the Heart #5),21.28,In stock,0,2025-06-25 16:58:06.305291
Fifty Shades Freed (Fifty Shades #3),15.36,In stock,0,2025-06-25 16:58:06.305482
Fellside,38.62,In stock,0,2025-06-25 16:58:06.305721
Extreme Prey (Lucas Davenport #26),25.4,In stock,0,2025-06-25 16:58:06.305919
Eragon (The Inheritance Cycle #1),43.87,In stock,0,2025-06-25 16:58:06.306136
Eclipse (Twilight #3),18.74,In stock,0,2025-06-25 16:58:06.306330
Dune (Dune #1),54.86,In stock,0,2025-06-25 16:58:06.306532
Dracula,52.62,In stock,0,2025-06-25 16:58:06.306716
Do Androids Dream of Electric Sheep? (Blade Runner #1),51.48,In stock,0,2025-06-25 16:58:06.306898
Disrupted: My Misadventure in the Start-Up Bubble,15.28,In stock,0,2025-06-25 16:58:06.307073
Dead Wake: The Last Crossing of the Lusitania,39.24,In stock,0,2025-06-25 16:58:06.307247
"David and Goliath: Underdogs, Misfits, and the Art of Battling Giants",17.81,In stock,0,2025-06-25 16:58:06.307445
Darkfever (Fever #1),56.02,In stock,0,2025-06-25 16:58:06.307623
Dark Places,23.9,In stock,0,2025-06-25 16:58:06.307804
Crazy Rich Asians (Crazy Rich Asians #1),49.13,In stock,0,2025-06-25 16:58:06.307982
Counting Thyme,10.62,In stock,0,2025-06-25 16:58:06.308159
Cosmos,36.17,In stock,0,2025-06-25 16:58:06.308340
Civilization and Its Discontents,59.95,In stock,0,2025-06-25 16:58:06.517050
Cinder (The Lunar Chronicles #1),26.09,In stock,0,2025-06-25 16:58:06.517261
Catastrophic Happiness: Finding Joy in Childhood's Messy Years,37.35,In stock,0,2025-06-25 16:58:06.517464
Career of Evil (Cormoran Strike #3),24.72,In stock,0,2025-06-25 16:58:06.517683
Breaking Dawn (Twilight #4),35.28,In stock,0,2025-06-25 16:58:06.517908
Brave Enough,51.32,In stock,0,2025-06-25 16:58:06.518161
Boy Meets Boy,21.12,In stock,0,2025-06-25 16:58:06.518543
"Born to Run: A Hidden Tribe, Superathletes, and the Greatest Race the World Has Never Seen",27.35,In stock,0,2025-06-25 16:58:06.518775
Blink: The Power of Thinking Without Thinking,21.74,In stock,0,2025-06-25 16:58:06.518974
Black Flags: The Rise of ISIS,40.87,In stock,0,2025-06-25 16:58:06.519170
"Black Butler, Vol. 1 (Black Butler #1)",49.31,In stock,0,2025-06-25 16:58:06.519365
Big Little Lies,22.11,In stock,0,2025-06-25 16:58:06.519550
Between Shades of Gray,20.79,In stock,0,2025-06-25 16:58:06.519724
Best of My Love (Fool's Gold #20),27.41,In stock,0,2025-06-25 16:58:06.519898
Beowulf,38.35,In stock,0,2025-06-25 16:58:06.520071
Beautiful Creatures (Caster Chronicles #1),21.55,In stock,0,2025-06-25 16:58:06.520248
Awkward,38.02,In stock,0,2025-06-25 16:58:06.520442
Ash,22.06,In stock,0,2025-06-25 16:58:06.520615
Are We There Yet?,10.66,In stock,0,2025-06-25 16:58:06.520842
Are We Smart Enough to Know How Smart Animals Are?,56.58,In stock,0,2025-06-25 16:58:06.521075
Annie on My Mind,36.83,In stock,0,2025-06-25 16:58:06.733372
And Then There Were None,35.01,In stock,0,2025-06-25 16:58:06.733589
A Walk in the Woods: Rediscovering America on the Appalachian Trail,30.48,In stock,0,2025-06-25 16:58:06.733780
A Visit from the Goon Squad,14.08,In stock,0,2025-06-25 16:58:06.733969
A Storm of Swords (A Song of Ice and Fire #3),31.22,In stock,0,2025-06-25 16:58:06.734156
A Heartbreaking Work of Staggering Genius,54.29,In stock,0,2025-06-25 16:58:06.734363
8 Keys to Mental Health Through Exercise,31.04,In stock,0,2025-06-25 16:58:06.734589
#GIRLBOSS,50.96,In stock,0,2025-06-25 16:58:06.734798
"The Suffragettes (Little Black Classics, #96)",11.89,In stock,0,2025-06-25 16:58:06.735007
The Sense of an Ending,31.38,In stock,0,2025-06-25 16:58:06.735211
"The Sandman, Vol. 2: The Doll's House (The Sandman (volumes) #2)",54.81,In stock,0,2025-06-25 16:58:06.735402
The Course of Love,16.78,In stock,0,2025-06-25 16:58:06.735613
Sugar Rush (Offensive Line #2),24.42,In stock,0,2025-06-25 16:58:06.735804
"Saga, Volume 2 (Saga (Collected Editions) #2)",11.75,In stock,0,2025-06-25 16:58:06.735995
"Run, Spot, Run: The Ethics of Keeping Pets",20.02,In stock,0,2025-06-25 16:58:06.736216
New Moon (Twilight #2),12.86,In stock,0,2025-06-25 16:58:06.736440
Life,31.58,In stock,0,2025-06-25 16:58:06.736661
Kindle Paperwhite User's Guide,34.0,In stock,0,2025-06-25 16:58:06.736886
H is for Hawk,57.42,In stock,0,2025-06-25 16:58:06.737109
Girl Online On Tour (Girl Online #2),53.47,In stock,0,2025-06-25 16:58:06.737336
"Fruits Basket, Vol. 2 (Fruits Basket #2)",11.64,In stock,0,2025-06-25 16:58:06.956338
Diary of a Minecraft Zombie Book 1: A Scare of a Dare (An Unofficial Minecraft Book),52.88,In stock,0,2025-06-25 16:58:06.956533
"Y: The Last Man, Vol. 1: Unmanned (Y: The Last Man #1)",18.51,In stock,0,2025-06-25 16:58:06.956713
While You Were Mine,41.32,In stock,0,2025-06-25 16:58:06.956886
Where Lightning Strikes (Bleeding Stars #3),39.77,In stock,0,2025-06-25 16:58:06.957058
When I'm Gone,51.96,In stock,0,2025-06-25 16:58:06.957232
Ways of Seeing,39.51,In stock,0,2025-06-25 16:58:06.957406
"Vampire Knight, Vol. 1 (Vampire Knight #1)",15.4,In stock,0,2025-06-25 16:58:06.957604
Vampire Girl (Vampire Girl #1),53.82,In stock,0,2025-06-25 16:58:06.957795
Twenty Love Poems and a Song of Despair,30.95,In stock,0,2025-06-25 16:58:06.957979
Travels with Charley: In Search of America,57.82,In stock,0,2025-06-25 16:58:06.958165
Three Wishes (River of Time: California #1),44.18,In stock,0,2025-06-25 16:58:06.958350
This One Moment (Pushing Limits #1),48.71,In stock,0,2025-06-25 16:58:06.958543
The Zombie Room,19.69,In stock,0,2025-06-25 16:58:06.958717
"The Wicked + The Divine, Vol. 1: The Faust Act (The Wicked + The Divine)",36.52,In stock,0,2025-06-25 16:58:06.958933
The Tumor,41.56,In stock,0,2025-06-25 16:58:06.959109
The Story of Hong Gildong,43.19,In stock,0,2025-06-25 16:58:06.959283
The Silent Wife,12.34,In stock,0,2025-06-25 16:58:06.959457
The Silent Twin (Detective Jennifer Knight #3),36.25,In stock,0,2025-06-25 16:58:06.959634
The Selfish Gene,29.45,In stock,0,2025-06-25 16:58:06.959919
The Secret Healer,34.56,In stock,0,2025-06-25 16:58:07.166303
"The Sandman, Vol. 1: Preludes and Nocturnes (The Sandman (volumes) #1)",54.12,In stock,0,2025-06-25 16:58:07.166558
The Republic,33.78,In stock,0,2025-06-25 16:58:07.166783
The Odyssey,29.64,In stock,0,2025-06-25 16:58:07.166997
The No. 1 Ladies' Detective Agency (No. 1 Ladies' Detective Agency #1),57.7,In stock,0,2025-06-25 16:58:07.167189
The Nicomachean Ethics,36.34,In stock,0,2025-06-25 16:58:07.167380
The Name of the Wind (The Kingkiller Chronicle #1),50.59,In stock,0,2025-06-25 16:58:07.167561
The Mirror & the Maze (The Wrath and the Dawn #1.5),29.38,In stock,0,2025-06-25 16:58:07.167730
The Little Prince,45.42,In stock,0,2025-06-25 16:58:07.167915
The Light of the Fireflies,54.43,In stock,0,2025-06-25 16:58:07.168083
The Last Girl (The Dominion Trilogy #1),36.26,In stock,0,2025-06-25 16:58:07.168247
The Iliad,16.16,In stock,0,2025-06-25 16:58:07.168411
The Hook Up (Game On #1),36.29,In stock,0,2025-06-25 16:58:07.168574
The Haters,27.89,In stock,0,2025-06-25 16:58:07.168736
The Girl You Lost,12.29,In stock,0,2025-06-25 16:58:07.168930
The Girl In The Ice (DCI Erika Foster #1),15.85,In stock,0,2025-06-25 16:58:07.169103
The End of the Jesus Era (An Investigation #1),14.4,In stock,0,2025-06-25 16:58:07.169267
The Edge of Reason (Bridget Jones #2),19.18,In stock,0,2025-06-25 16:58:07.169429
The Complete Maus (Maus #1-2),10.64,In stock,0,2025-06-25 16:58:07.169593
The Communist Manifesto,14.76,In stock,0,2025-06-25 16:58:07.169752
The Bhagavad Gita,57.49,In stock,0,2025-06-25 16:58:07.377148
The Bette Davis Club,30.66,In stock,0,2025-06-25 16:58:07.377342
The Art of Not Breathing,40.83,In stock,0,2025-06-25 16:58:07.377534
Taking Shots (Assassins #1),18.88,In stock,0,2025-06-25 16:58:07.377726
Starlark,25.83,In stock,0,2025-06-25 16:58:07.377916
"Skip Beat!, Vol. 01 (Skip Beat! #1)",42.12,In stock,0,2025-06-25 16:58:07.378136
Sister Sable (The Mad Queen #1),13.33,In stock,0,2025-06-25 16:58:07.378330
Shatter Me (Shatter Me #1),42.4,In stock,0,2025-06-25 16:58:07.378556
Shameless,58.35,In stock,0,2025-06-25 16:58:07.378789
Shadow Rites (Jane Yellowrock #10),21.72,In stock,0,2025-06-25 16:58:07.379020
Settling the Score (The Summer Games #1),44.91,In stock,0,2025-06-25 16:58:07.379275
Sense and Sensibility,37.46,In stock,0,2025-06-25 16:58:07.380290
"Saga, Volume 1 (Saga (Collected Editions) #1)",28.48,In stock,0,2025-06-25 16:58:07.380528
"Rhythm, Chord & Malykhin",28.34,In stock,0,2025-06-25 16:58:07.380742
"Rat Queens, Vol. 1: Sass & Sorcery (Rat Queens (Collected Editions) #1-5)",46.96,In stock,0,2025-06-25 16:58:07.380923
Paradise Lost (Paradise #1),24.96,In stock,0,2025-06-25 16:58:07.381103
"Paper Girls, Vol. 1 (Paper Girls #1-5)",21.71,In stock,0,2025-06-25 16:58:07.381284
"Ouran High School Host Club, Vol. 1 (Ouran High School Host Club #1)",29.87,In stock,0,2025-06-25 16:58:07.381481
Origins (Alphas 0.5),28.99,In stock,0,2025-06-25 16:58:07.381672
One Second (Seven #7),52.94,In stock,0,2025-06-25 16:58:07.381862
On the Road (Duluoz Legend),32.36,In stock,0,2025-06-25 16:58:07.613681
Old Records Never Die: One Man's Quest for His Vinyl and His Past,55.66,In stock,0,2025-06-25 16:58:07.613866
Off Sides (Off #1),39.45,In stock,0,2025-06-25 16:58:07.614039
Of Mice and Men,47.11,In stock,0,2025-06-25 16:58:07.614209
Myriad (Prentor #1),58.75,In stock,0,2025-06-25 16:58:07.614412
My Perfect Mistake (Over the Top #1),38.92,In stock,0,2025-06-25 16:58:07.614587
"Ms. Marvel, Vol. 1: No Normal (Ms. Marvel (2014-2015) #1)",39.39,In stock,0,2025-06-25 16:58:07.614834
Meditations,25.89,In stock,0,2025-06-25 16:58:07.615022
Matilda,28.34,In stock,0,2025-06-25 16:58:07.615202
Lost Among the Living,27.7,In stock,0,2025-06-25 16:58:07.615392
Lord of the Flies,24.89,In stock,0,2025-06-25 16:58:07.615586
Listen to Me (Fusion #1),58.99,In stock,0,2025-06-25 16:58:07.615779
Kitchens of the Great Midwest,57.2,In stock,0,2025-06-25 16:58:07.615970
Jane Eyre,38.43,In stock,0,2025-06-25 16:58:07.616163
Imperfect Harmony,34.74,In stock,0,2025-06-25 16:58:07.616372
Icing (Aces Hockey #2),40.44,In stock,0,2025-06-25 16:58:07.616601
"Hawkeye, Vol. 1: My Life as a Weapon (Hawkeye #1)",45.24,In stock,0,2025-06-25 16:58:07.616806
Having the Barbarian's Baby (Ice Planet Barbarians #7.5),34.96,In stock,0,2025-06-25 16:58:07.617035
"Giant Days, Vol. 1 (Giant Days #1-4)",56.76,In stock,0,2025-06-25 16:58:07.617257
"Fruits Basket, Vol. 1 (Fruits Basket #1)",40.28,In stock,0,2025-06-25 16:58:07.617479
Frankenstein,38.0,In stock,0,2025-06-25 16:58:07.852704
Forever Rockers (The Rocker #12),28.8,In stock,0,2025-06-25 16:58:07.852924
Fighting Fate (Fighting #6),39.24,In stock,0,2025-06-25 16:58:07.853137
Emma,32.93,In stock,0,2025-06-25 16:58:07.853339
"Eat, Pray, Love",51.32,In stock,0,2025-06-25 16:58:07.853539
Deep Under (Walker Security #1),47.09,In stock,0,2025-06-25 16:58:07.853734
Choosing Our Religion: The Spiritual Lives of America's Nones,28.42,In stock,0,2025-06-25 16:58:07.853963
Charlie and the Chocolate Factory (Charlie Bucket #1),22.85,In stock,0,2025-06-25 16:58:07.854144
Charity's Cross (Charles Towne Belles #4),41.24,In stock,0,2025-06-25 16:58:07.854325
Bright Lines,39.07,In stock,0,2025-06-25 16:58:07.854518
Bridget Jones's Diary (Bridget Jones #1),29.82,In stock,0,2025-06-25 16:58:07.854773
Bounty (Colorado Mountain #7),37.26,In stock,0,2025-06-25 16:58:07.854990
Blood Defense (Samantha Brinkman #1),20.3,In stock,0,2025-06-25 16:58:07.855229
"Bleach, Vol. 1: Strawberry and the Soul Reapers (Bleach #1)",34.65,In stock,0,2025-06-25 16:58:07.855440
Beyond Good and Evil,43.38,In stock,0,2025-06-25 16:58:07.855626
Alice in Wonderland (Alice's Adventures in Wonderland #1),55.53,In stock,0,2025-06-25 16:58:07.855811
"Ajin: Demi-Human, Volume 1 (Ajin: Demi-Human #1)",57.06,In stock,0,2025-06-25 16:58:07.855998
A Spy's Devotion (The Regency Spies of London #1),16.97,In stock,0,2025-06-25 16:58:07.856186
1st to Die (Women's Murder Club #1),53.98,In stock,0,2025-06-25 16:58:07.856365
"1,000 Places to See Before You Die",26.08,In stock,0,2025-06-25 16:58:07.856546
